Copyright 1986-2022 Xilinx, Inc. All Rights Reserved. Copyright 2022-2026 Advanced Micro Devices, Inc. All Rights Reserved.
---------------------------------------------------------------------------------------------------------------------------------------------------------------------------------------------------------------------------------------------------------
| Tool Version : Vivado v.2026.1 (win64) Build 6511674 Tue Jun 16 11:02:23 MDT 2026
| Date         : Mon Sep 28 13:01:33 2026
| Host         : BOOK-SF3MGKKSOK running 64-bit major release  (build 9200)
| Command      : report_timing_summary -max_paths 10 -routable_nets -report_unconstrained -file lab3_mmss_clock_timing_summary_routed.rpt -pb lab3_mmss_clock_timing_summary_routed.pb -rpx lab3_mmss_clock_timing_summary_routed.rpx -warn_on_violation
| Design       : lab3_mmss_clock
| Device       : 7s75-fgga484
| Speed File   : -1  PRODUCTION 1.23 2018-06-13
| Design State : Routed
---------------------------------------------------------------------------------------------------------------------------------------------------------------------------------------------------------------------------------------------------------

Timing Summary Report

------------------------------------------------------------------------------------------------
| Timer Settings
| --------------
------------------------------------------------------------------------------------------------

  Enable Multi Corner Analysis               :  Yes
  Enable Pessimism Removal                   :  Yes
  Pessimism Removal Resolution               :  Nearest Common Node
  Enable Input Delay Default Clock           :  No
  Enable Preset / Clear Arcs                 :  No
  Disable Flight Delays                      :  No
  Ignore I/O Paths                           :  No
  Timing Early Launch at Borrowing Latches   :  No
  Borrow Time for Max Delay Exceptions       :  Yes
  Merge Timing Exceptions                    :  Yes
  Inter-SLR Compensation                     :  Conservative

  Corner  Analyze    Analyze    
  Name    Max Paths  Min Paths  
  ------  ---------  ---------  
  Slow    Yes        Yes        
  Fast    Yes        Yes        


------------------------------------------------------------------------------------------------
| Report Methodology
| ------------------
------------------------------------------------------------------------------------------------

Rule       Severity  Description                    Violations  
---------  --------  -----------------------------  ----------  
TIMING-18  Warning   Missing input or output delay  16          

Note: This report is based on the most recent report_methodology run and may not be up-to-date. Run report_methodology on the current design for the latest report.



check_timing report

Table of Contents
-----------------
1. checking no_clock (0)
2. checking constant_clock (0)
3. checking pulse_width_clock (0)
4. checking unconstrained_internal_endpoints (0)
5. checking no_input_delay (1)
6. checking no_output_delay (12)
7. checking multiple_clock (0)
8. checking generated_clocks (0)
9. checking loops (0)
10. checking partial_input_delay (0)
11. checking partial_output_delay (0)
12. checking latch_loops (0)

1. checking no_clock (0)
------------------------
 There are 0 register/latch pins with no clock.


2. checking constant_clock (0)
------------------------------
 There are 0 register/latch pins with constant_clock.


3. checking pulse_width_clock (0)
---------------------------------
 There are 0 register/latch pins which need pulse_width check


4. checking unconstrained_internal_endpoints (0)
------------------------------------------------
 There are 0 pins that are not constrained for maximum delay.

 There are 0 pins that are not constrained for maximum delay due to constant clock.


5. checking no_input_delay (1)
------------------------------
 There are 0 input ports with no input delay specified.

 There is 1 input port with no input delay but user has a false path constraint. (MEDIUM)


6. checking no_output_delay (12)
--------------------------------
 There are 12 ports with no output delay specified. (HIGH)

 There are 0 ports with no output delay but user has a false path constraint

 There are 0 ports with no output delay but with a timing clock defined on it or propagating through it


7. checking multiple_clock (0)
------------------------------
 There are 0 register/latch pins with multiple clocks.


8. checking generated_clocks (0)
--------------------------------
 There are 0 generated clocks that are not connected to a clock source.


9. checking loops (0)
---------------------
 There are 0 combinational loops in the design.


10. checking partial_input_delay (0)
------------------------------------
 There are 0 input ports with partial input delay specified.


11. checking partial_output_delay (0)
-------------------------------------
 There are 0 ports with partial output delay specified.


12. checking latch_loops (0)
----------------------------
 There are 0 combinational latch loops in the design through latch input



------------------------------------------------------------------------------------------------
| Design Timing Summary
| ---------------------
------------------------------------------------------------------------------------------------

    WNS(ns)      TNS(ns)  TNS Failing Endpoints  TNS Total Endpoints      WHS(ns)      THS(ns)  THS Failing Endpoints  THS Total Endpoints     WPWS(ns)     TPWS(ns)  TPWS Failing Endpoints  TPWS Total Endpoints  
    -------      -------  ---------------------  -------------------      -------      -------  ---------------------  -------------------     --------     --------  ----------------------  --------------------  
     15.118        0.000                      0                   74        0.210        0.000                      0                   74        9.500        0.000                       0                    59  


All user specified timing constraints are met.


------------------------------------------------------------------------------------------------
| Clock Summary
| -------------
------------------------------------------------------------------------------------------------

Clock      Waveform(ns)       Period(ns)      Frequency(MHz)
-----      ------------       ----------      --------------
clk_50mhz  {0.000 10.000}     20.000          50.000          


------------------------------------------------------------------------------------------------
| Intra Clock Table
| -----------------
------------------------------------------------------------------------------------------------

Clock             WNS(ns)      TNS(ns)  TNS Failing Endpoints  TNS Total Endpoints      WHS(ns)      THS(ns)  THS Failing Endpoints  THS Total Endpoints     WPWS(ns)     TPWS(ns)  TPWS Failing Endpoints  TPWS Total Endpoints  
-----             -------      -------  ---------------------  -------------------      -------      -------  ---------------------  -------------------     --------     --------  ----------------------  --------------------  
clk_50mhz          15.118        0.000                      0                   74        0.210        0.000                      0                   74        9.500        0.000                       0                    59  


------------------------------------------------------------------------------------------------
| Inter Clock Table
| -----------------
------------------------------------------------------------------------------------------------

From Clock    To Clock          WNS(ns)      TNS(ns)  TNS Failing Endpoints  TNS Total Endpoints      WHS(ns)      THS(ns)  THS Failing Endpoints  THS Total Endpoints  
----------    --------          -------      -------  ---------------------  -------------------      -------      -------  ---------------------  -------------------  


------------------------------------------------------------------------------------------------
| Other Path Groups Table
| -----------------------
------------------------------------------------------------------------------------------------

Path Group    From Clock    To Clock          WNS(ns)      TNS(ns)  TNS Failing Endpoints  TNS Total Endpoints      WHS(ns)      THS(ns)  THS Failing Endpoints  THS Total Endpoints  
----------    ----------    --------          -------      -------  ---------------------  -------------------      -------      -------  ---------------------  -------------------  


------------------------------------------------------------------------------------------------
| User Ignored Path Table
| -----------------------
------------------------------------------------------------------------------------------------

Path Group    From Clock    To Clock    
----------    ----------    --------    
(none)                      clk_50mhz     


------------------------------------------------------------------------------------------------
| Unconstrained Path Table
| ------------------------
------------------------------------------------------------------------------------------------

Path Group    From Clock    To Clock    
----------    ----------    --------    
(none)        clk_50mhz                   


------------------------------------------------------------------------------------------------
| Timing Details
| --------------
------------------------------------------------------------------------------------------------


---------------------------------------------------------------------------------------------------
From Clock:  clk_50mhz
  To Clock:  clk_50mhz

Setup :            0  Failing Endpoints,  Worst Slack       15.118ns,  Total Violation        0.000ns
Hold  :            0  Failing Endpoints,  Worst Slack        0.210ns,  Total Violation        0.000ns
PW    :            0  Failing Endpoints,  Worst Slack        9.500ns,  Total Violation        0.000ns
---------------------------------------------------------------------------------------------------


Max Delay Paths
--------------------------------------------------------------------------------------
Slack (MET) :             15.118ns  (required time - arrival time)
  Source:                 u_counter/subsecond_reg[9]/C
                            (rising edge-triggered cell FDCE clocked by clk_50mhz  {rise@0.000ns fall@10.000ns period=20.000ns})
  Destination:            u_counter/minute_ones_reg[0]/CE
                            (rising edge-triggered cell FDCE clocked by clk_50mhz  {rise@0.000ns fall@10.000ns period=20.000ns})
  Path Group:             clk_50mhz
  Path Type:              Setup (Max at Slow Process Corner)
  Requirement:            20.000ns  (clk_50mhz rise@20.000ns - clk_50mhz rise@0.000ns)
  Data Path Delay:        4.611ns  (logic 1.192ns (25.853%)  route 3.419ns (74.147%))
  Logic Levels:           3  (LUT4=1 LUT6=2)
  Clock Path Skew:        -0.031ns (DCD - SCD + CPR)
    Destination Clock Delay (DCD):    5.285ns = ( 25.285 - 20.000 ) 
    Source Clock Delay      (SCD):    5.590ns
    Clock Pessimism Removal (CPR):    0.274ns
  Clock Uncertainty:      0.035ns  ((TSJ^2 + TIJ^2)^1/2 + DJ) / 2 + PE
    Total System Jitter     (TSJ):    0.071ns
    Total Input Jitter      (TIJ):    0.000ns
    Discrete Jitter          (DJ):    0.000ns
    Phase Error              (PE):    0.000ns

    Location             Delay type                Incr(ns)  Path(ns)    Netlist Resource(s)
  -------------------------------------------------------------------    -------------------
                         (clock clk_50mhz rise edge)
                                                      0.000     0.000 r  <hidden>
    B6                                                0.000     0.000 r  clk_50mhz
                         net (fo=0)                   0.000     0.000    clk_50mhz
    B6                   IBUF (Prop_ibuf_I_O)         1.500     1.500 r  clk_50mhz_IBUF_inst/O
                         net (fo=1, routed)           2.315     3.815    clk_50mhz_IBUF
    BUFGCTRL_X0Y16       BUFG (Prop_bufg_I_O)         0.096     3.911 r  clk_50mhz_IBUF_BUFG_inst/O
                         net (fo=58, routed)          1.679     5.590    u_counter/CLK
    SLICE_X78Y125        FDCE                                         r  u_counter/subsecond_reg[9]/C
  -------------------------------------------------------------------    -------------------
    SLICE_X78Y125        FDCE (Prop_fdce_C_Q)         0.419     6.009 f  u_counter/subsecond_reg[9]/Q
                         net (fo=2, routed)           0.787     6.796    u_counter/subsecond[9]
    SLICE_X78Y125        LUT4 (Prop_lut4_I3_O)        0.323     7.119 f  u_counter/second_ones[3]_i_3/O
                         net (fo=1, routed)           0.863     7.983    u_counter/second_ones[3]_i_3_n_0
    SLICE_X80Y126        LUT6 (Prop_lut6_I0_O)        0.326     8.309 r  u_counter/second_ones[3]_i_1/O
                         net (fo=32, routed)          1.175     9.484    u_counter/second_ones[3]_i_1_n_0
    SLICE_X82Y129        LUT6 (Prop_lut6_I1_O)        0.124     9.608 r  u_counter/minute_ones[3]_i_1/O
                         net (fo=4, routed)           0.593    10.201    u_counter/minute_ones[3]_i_1_n_0
    SLICE_X83Y129        FDCE                                         r  u_counter/minute_ones_reg[0]/CE
  -------------------------------------------------------------------    -------------------

                         (clock clk_50mhz rise edge)
                                                     20.000    20.000 r  <hidden>
    B6                                                0.000    20.000 r  clk_50mhz
                         net (fo=0)                   0.000    20.000    clk_50mhz
    B6                   IBUF (Prop_ibuf_I_O)         1.429    21.429 r  clk_50mhz_IBUF_inst/O
                         net (fo=1, routed)           2.196    23.625    clk_50mhz_IBUF
    BUFGCTRL_X0Y16       BUFG (Prop_bufg_I_O)         0.091    23.716 r  clk_50mhz_IBUF_BUFG_inst/O
                         net (fo=58, routed)          1.569    25.285    u_counter/CLK
    SLICE_X83Y129        FDCE                                         r  u_counter/minute_ones_reg[0]/C
                         clock pessimism              0.274    25.559    <hidden>
                         clock uncertainty           -0.035    25.524    <hidden>
    SLICE_X83Y129        FDCE (Setup_fdce_C_CE)      -0.205    25.319    u_counter/minute_ones_reg[0]
  -------------------------------------------------------------------
                         required time                         25.319    <hidden>
                         arrival time                         -10.201    <hidden>
  -------------------------------------------------------------------
                         slack                                 15.118    <hidden>

Slack (MET) :             15.186ns  (required time - arrival time)
  Source:                 u_counter/subsecond_reg[9]/C
                            (rising edge-triggered cell FDCE clocked by clk_50mhz  {rise@0.000ns fall@10.000ns period=20.000ns})
  Destination:            u_counter/minute_ones_reg[2]/CE
                            (rising edge-triggered cell FDCE clocked by clk_50mhz  {rise@0.000ns fall@10.000ns period=20.000ns})
  Path Group:             clk_50mhz
  Path Type:              Setup (Max at Slow Process Corner)
  Requirement:            20.000ns  (clk_50mhz rise@20.000ns - clk_50mhz rise@0.000ns)
  Data Path Delay:        4.543ns  (logic 1.192ns (26.238%)  route 3.351ns (73.762%))
  Logic Levels:           3  (LUT4=1 LUT6=2)
  Clock Path Skew:        -0.031ns (DCD - SCD + CPR)
    Destination Clock Delay (DCD):    5.285ns = ( 25.285 - 20.000 ) 
    Source Clock Delay      (SCD):    5.590ns
    Clock Pessimism Removal (CPR):    0.274ns
  Clock Uncertainty:      0.035ns  ((TSJ^2 + TIJ^2)^1/2 + DJ) / 2 + PE
    Total System Jitter     (TSJ):    0.071ns
    Total Input Jitter      (TIJ):    0.000ns
    Discrete Jitter          (DJ):    0.000ns
    Phase Error              (PE):    0.000ns

    Location             Delay type                Incr(ns)  Path(ns)    Netlist Resource(s)
  -------------------------------------------------------------------    -------------------
                         (clock clk_50mhz rise edge)
                                                      0.000     0.000 r  <hidden>
    B6                                                0.000     0.000 r  clk_50mhz
                         net (fo=0)                   0.000     0.000    clk_50mhz
    B6                   IBUF (Prop_ibuf_I_O)         1.500     1.500 r  clk_50mhz_IBUF_inst/O
                         net (fo=1, routed)           2.315     3.815    clk_50mhz_IBUF
    BUFGCTRL_X0Y16       BUFG (Prop_bufg_I_O)         0.096     3.911 r  clk_50mhz_IBUF_BUFG_inst/O
                         net (fo=58, routed)          1.679     5.590    u_counter/CLK
    SLICE_X78Y125        FDCE                                         r  u_counter/subsecond_reg[9]/C
  -------------------------------------------------------------------    -------------------
    SLICE_X78Y125        FDCE (Prop_fdce_C_Q)         0.419     6.009 f  u_counter/subsecond_reg[9]/Q
                         net (fo=2, routed)           0.787     6.796    u_counter/subsecond[9]
    SLICE_X78Y125        LUT4 (Prop_lut4_I3_O)        0.323     7.119 f  u_counter/second_ones[3]_i_3/O
                         net (fo=1, routed)           0.863     7.983    u_counter/second_ones[3]_i_3_n_0
    SLICE_X80Y126        LUT6 (Prop_lut6_I0_O)        0.326     8.309 r  u_counter/second_ones[3]_i_1/O
                         net (fo=32, routed)          1.175     9.484    u_counter/second_ones[3]_i_1_n_0
    SLICE_X82Y129        LUT6 (Prop_lut6_I1_O)        0.124     9.608 r  u_counter/minute_ones[3]_i_1/O
                         net (fo=4, routed)           0.526    10.133    u_counter/minute_ones[3]_i_1_n_0
    SLICE_X83Y130        FDCE                                         r  u_counter/minute_ones_reg[2]/CE
  -------------------------------------------------------------------    -------------------

                         (clock clk_50mhz rise edge)
                                                     20.000    20.000 r  <hidden>
    B6                                                0.000    20.000 r  clk_50mhz
                         net (fo=0)                   0.000    20.000    clk_50mhz
    B6                   IBUF (Prop_ibuf_I_O)         1.429    21.429 r  clk_50mhz_IBUF_inst/O
                         net (fo=1, routed)           2.196    23.625    clk_50mhz_IBUF
    BUFGCTRL_X0Y16       BUFG (Prop_bufg_I_O)         0.091    23.716 r  clk_50mhz_IBUF_BUFG_inst/O
                         net (fo=58, routed)          1.569    25.285    u_counter/CLK
    SLICE_X83Y130        FDCE                                         r  u_counter/minute_ones_reg[2]/C
                         clock pessimism              0.274    25.559    <hidden>
                         clock uncertainty           -0.035    25.524    <hidden>
    SLICE_X83Y130        FDCE (Setup_fdce_C_CE)      -0.205    25.319    u_counter/minute_ones_reg[2]
  -------------------------------------------------------------------
                         required time                         25.319    <hidden>
                         arrival time                         -10.133    <hidden>
  -------------------------------------------------------------------
                         slack                                 15.186    <hidden>

Slack (MET) :             15.364ns  (required time - arrival time)
  Source:                 u_counter/subsecond_reg[9]/C
                            (rising edge-triggered cell FDCE clocked by clk_50mhz  {rise@0.000ns fall@10.000ns period=20.000ns})
  Destination:            u_counter/minute_ones_reg[1]/CE
                            (rising edge-triggered cell FDCE clocked by clk_50mhz  {rise@0.000ns fall@10.000ns period=20.000ns})
  Path Group:             clk_50mhz
  Path Type:              Setup (Max at Slow Process Corner)
  Requirement:            20.000ns  (clk_50mhz rise@20.000ns - clk_50mhz rise@0.000ns)
  Data Path Delay:        4.380ns  (logic 1.192ns (27.217%)  route 3.188ns (72.783%))
  Logic Levels:           3  (LUT4=1 LUT6=2)
  Clock Path Skew:        -0.016ns (DCD - SCD + CPR)
    Destination Clock Delay (DCD):    5.284ns = ( 25.284 - 20.000 ) 
    Source Clock Delay      (SCD):    5.590ns
    Clock Pessimism Removal (CPR):    0.290ns
  Clock Uncertainty:      0.035ns  ((TSJ^2 + TIJ^2)^1/2 + DJ) / 2 + PE
    Total System Jitter     (TSJ):    0.071ns
    Total Input Jitter      (TIJ):    0.000ns
    Discrete Jitter          (DJ):    0.000ns
    Phase Error              (PE):    0.000ns

    Location             Delay type                Incr(ns)  Path(ns)    Netlist Resource(s)
  -------------------------------------------------------------------    -------------------
                         (clock clk_50mhz rise edge)
                                                      0.000     0.000 r  <hidden>
    B6                                                0.000     0.000 r  clk_50mhz
                         net (fo=0)                   0.000     0.000    clk_50mhz
    B6                   IBUF (Prop_ibuf_I_O)         1.500     1.500 r  clk_50mhz_IBUF_inst/O
                         net (fo=1, routed)           2.315     3.815    clk_50mhz_IBUF
    BUFGCTRL_X0Y16       BUFG (Prop_bufg_I_O)         0.096     3.911 r  clk_50mhz_IBUF_BUFG_inst/O
                         net (fo=58, routed)          1.679     5.590    u_counter/CLK
    SLICE_X78Y125        FDCE                                         r  u_counter/subsecond_reg[9]/C
  -------------------------------------------------------------------    -------------------
    SLICE_X78Y125        FDCE (Prop_fdce_C_Q)         0.419     6.009 f  u_counter/subsecond_reg[9]/Q
                         net (fo=2, routed)           0.787     6.796    u_counter/subsecond[9]
    SLICE_X78Y125        LUT4 (Prop_lut4_I3_O)        0.323     7.119 f  u_counter/second_ones[3]_i_3/O
                         net (fo=1, routed)           0.863     7.983    u_counter/second_ones[3]_i_3_n_0
    SLICE_X80Y126        LUT6 (Prop_lut6_I0_O)        0.326     8.309 r  u_counter/second_ones[3]_i_1/O
                         net (fo=32, routed)          1.175     9.484    u_counter/second_ones[3]_i_1_n_0
    SLICE_X82Y129        LUT6 (Prop_lut6_I1_O)        0.124     9.608 r  u_counter/minute_ones[3]_i_1/O
                         net (fo=4, routed)           0.362     9.970    u_counter/minute_ones[3]_i_1_n_0
    SLICE_X81Y129        FDCE                                         r  u_counter/minute_ones_reg[1]/CE
  -------------------------------------------------------------------    -------------------

                         (clock clk_50mhz rise edge)
                                                     20.000    20.000 r  <hidden>
    B6                                                0.000    20.000 r  clk_50mhz
                         net (fo=0)                   0.000    20.000    clk_50mhz
    B6                   IBUF (Prop_ibuf_I_O)         1.429    21.429 r  clk_50mhz_IBUF_inst/O
                         net (fo=1, routed)           2.196    23.625    clk_50mhz_IBUF
    BUFGCTRL_X0Y16       BUFG (Prop_bufg_I_O)         0.091    23.716 r  clk_50mhz_IBUF_BUFG_inst/O
                         net (fo=58, routed)          1.568    25.284    u_counter/CLK
    SLICE_X81Y129        FDCE                                         r  u_counter/minute_ones_reg[1]/C
                         clock pessimism              0.290    25.574    <hidden>
                         clock uncertainty           -0.035    25.539    <hidden>
    SLICE_X81Y129        FDCE (Setup_fdce_C_CE)      -0.205    25.334    u_counter/minute_ones_reg[1]
  -------------------------------------------------------------------
                         required time                         25.334    <hidden>
                         arrival time                          -9.970    <hidden>
  -------------------------------------------------------------------
                         slack                                 15.364    <hidden>

Slack (MET) :             15.364ns  (required time - arrival time)
  Source:                 u_counter/subsecond_reg[9]/C
                            (rising edge-triggered cell FDCE clocked by clk_50mhz  {rise@0.000ns fall@10.000ns period=20.000ns})
  Destination:            u_counter/minute_ones_reg[3]/CE
                            (rising edge-triggered cell FDCE clocked by clk_50mhz  {rise@0.000ns fall@10.000ns period=20.000ns})
  Path Group:             clk_50mhz
  Path Type:              Setup (Max at Slow Process Corner)
  Requirement:            20.000ns  (clk_50mhz rise@20.000ns - clk_50mhz rise@0.000ns)
  Data Path Delay:        4.380ns  (logic 1.192ns (27.217%)  route 3.188ns (72.783%))
  Logic Levels:           3  (LUT4=1 LUT6=2)
  Clock Path Skew:        -0.016ns (DCD - SCD + CPR)
    Destination Clock Delay (DCD):    5.284ns = ( 25.284 - 20.000 ) 
    Source Clock Delay      (SCD):    5.590ns
    Clock Pessimism Removal (CPR):    0.290ns
  Clock Uncertainty:      0.035ns  ((TSJ^2 + TIJ^2)^1/2 + DJ) / 2 + PE
    Total System Jitter     (TSJ):    0.071ns
    Total Input Jitter      (TIJ):    0.000ns
    Discrete Jitter          (DJ):    0.000ns
    Phase Error              (PE):    0.000ns

    Location             Delay type                Incr(ns)  Path(ns)    Netlist Resource(s)
  -------------------------------------------------------------------    -------------------
                         (clock clk_50mhz rise edge)
                                                      0.000     0.000 r  <hidden>
    B6                                                0.000     0.000 r  clk_50mhz
                         net (fo=0)                   0.000     0.000    clk_50mhz
    B6                   IBUF (Prop_ibuf_I_O)         1.500     1.500 r  clk_50mhz_IBUF_inst/O
                         net (fo=1, routed)           2.315     3.815    clk_50mhz_IBUF
    BUFGCTRL_X0Y16       BUFG (Prop_bufg_I_O)         0.096     3.911 r  clk_50mhz_IBUF_BUFG_inst/O
                         net (fo=58, routed)          1.679     5.590    u_counter/CLK
    SLICE_X78Y125        FDCE                                         r  u_counter/subsecond_reg[9]/C
  -------------------------------------------------------------------    -------------------
    SLICE_X78Y125        FDCE (Prop_fdce_C_Q)         0.419     6.009 f  u_counter/subsecond_reg[9]/Q
                         net (fo=2, routed)           0.787     6.796    u_counter/subsecond[9]
    SLICE_X78Y125        LUT4 (Prop_lut4_I3_O)        0.323     7.119 f  u_counter/second_ones[3]_i_3/O
                         net (fo=1, routed)           0.863     7.983    u_counter/second_ones[3]_i_3_n_0
    SLICE_X80Y126        LUT6 (Prop_lut6_I0_O)        0.326     8.309 r  u_counter/second_ones[3]_i_1/O
                         net (fo=32, routed)          1.175     9.484    u_counter/second_ones[3]_i_1_n_0
    SLICE_X82Y129        LUT6 (Prop_lut6_I1_O)        0.124     9.608 r  u_counter/minute_ones[3]_i_1/O
                         net (fo=4, routed)           0.362     9.970    u_counter/minute_ones[3]_i_1_n_0
    SLICE_X81Y129        FDCE                                         r  u_counter/minute_ones_reg[3]/CE
  -------------------------------------------------------------------    -------------------

                         (clock clk_50mhz rise edge)
                                                     20.000    20.000 r  <hidden>
    B6                                                0.000    20.000 r  clk_50mhz
                         net (fo=0)                   0.000    20.000    clk_50mhz
    B6                   IBUF (Prop_ibuf_I_O)         1.429    21.429 r  clk_50mhz_IBUF_inst/O
                         net (fo=1, routed)           2.196    23.625    clk_50mhz_IBUF
    BUFGCTRL_X0Y16       BUFG (Prop_bufg_I_O)         0.091    23.716 r  clk_50mhz_IBUF_BUFG_inst/O
                         net (fo=58, routed)          1.568    25.284    u_counter/CLK
    SLICE_X81Y129        FDCE                                         r  u_counter/minute_ones_reg[3]/C
                         clock pessimism              0.290    25.574    <hidden>
                         clock uncertainty           -0.035    25.539    <hidden>
    SLICE_X81Y129        FDCE (Setup_fdce_C_CE)      -0.205    25.334    u_counter/minute_ones_reg[3]
  -------------------------------------------------------------------
                         required time                         25.334    <hidden>
                         arrival time                          -9.970    <hidden>
  -------------------------------------------------------------------
                         slack                                 15.364    <hidden>

Slack (MET) :             15.453ns  (required time - arrival time)
  Source:                 u_counter/subsecond_reg[9]/C
                            (rising edge-triggered cell FDCE clocked by clk_50mhz  {rise@0.000ns fall@10.000ns period=20.000ns})
  Destination:            u_counter/minute_tens_reg[0]/CE
                            (rising edge-triggered cell FDCE clocked by clk_50mhz  {rise@0.000ns fall@10.000ns period=20.000ns})
  Path Group:             clk_50mhz
  Path Type:              Setup (Max at Slow Process Corner)
  Requirement:            20.000ns  (clk_50mhz rise@20.000ns - clk_50mhz rise@0.000ns)
  Data Path Delay:        4.277ns  (logic 1.192ns (27.872%)  route 3.085ns (72.128%))
  Logic Levels:           3  (LUT4=1 LUT6=2)
  Clock Path Skew:        -0.030ns (DCD - SCD + CPR)
    Destination Clock Delay (DCD):    5.286ns = ( 25.286 - 20.000 ) 
    Source Clock Delay      (SCD):    5.590ns
    Clock Pessimism Removal (CPR):    0.274ns
  Clock Uncertainty:      0.035ns  ((TSJ^2 + TIJ^2)^1/2 + DJ) / 2 + PE
    Total System Jitter     (TSJ):    0.071ns
    Total Input Jitter      (TIJ):    0.000ns
    Discrete Jitter          (DJ):    0.000ns
    Phase Error              (PE):    0.000ns

    Location             Delay type                Incr(ns)  Path(ns)    Netlist Resource(s)
  -------------------------------------------------------------------    -------------------
                         (clock clk_50mhz rise edge)
                                                      0.000     0.000 r  <hidden>
    B6                                                0.000     0.000 r  clk_50mhz
                         net (fo=0)                   0.000     0.000    clk_50mhz
    B6                   IBUF (Prop_ibuf_I_O)         1.500     1.500 r  clk_50mhz_IBUF_inst/O
                         net (fo=1, routed)           2.315     3.815    clk_50mhz_IBUF
    BUFGCTRL_X0Y16       BUFG (Prop_bufg_I_O)         0.096     3.911 r  clk_50mhz_IBUF_BUFG_inst/O
                         net (fo=58, routed)          1.679     5.590    u_counter/CLK
    SLICE_X78Y125        FDCE                                         r  u_counter/subsecond_reg[9]/C
  -------------------------------------------------------------------    -------------------
    SLICE_X78Y125        FDCE (Prop_fdce_C_Q)         0.419     6.009 f  u_counter/subsecond_reg[9]/Q
                         net (fo=2, routed)           0.787     6.796    u_counter/subsecond[9]
    SLICE_X78Y125        LUT4 (Prop_lut4_I3_O)        0.323     7.119 f  u_counter/second_ones[3]_i_3/O
                         net (fo=1, routed)           0.863     7.983    u_counter/second_ones[3]_i_3_n_0
    SLICE_X80Y126        LUT6 (Prop_lut6_I0_O)        0.326     8.309 r  u_counter/second_ones[3]_i_1/O
                         net (fo=32, routed)          0.761     9.070    u_counter/second_ones[3]_i_1_n_0
    SLICE_X81Y129        LUT6 (Prop_lut6_I4_O)        0.124     9.194 r  u_counter/minute_tens[3]_i_1/O
                         net (fo=4, routed)           0.673     9.867    u_counter/minute_tens[0]
    SLICE_X82Y131        FDCE                                         r  u_counter/minute_tens_reg[0]/CE
  -------------------------------------------------------------------    -------------------

                         (clock clk_50mhz rise edge)
                                                     20.000    20.000 r  <hidden>
    B6                                                0.000    20.000 r  clk_50mhz
                         net (fo=0)                   0.000    20.000    clk_50mhz
    B6                   IBUF (Prop_ibuf_I_O)         1.429    21.429 r  clk_50mhz_IBUF_inst/O
                         net (fo=1, routed)           2.196    23.625    clk_50mhz_IBUF
    BUFGCTRL_X0Y16       BUFG (Prop_bufg_I_O)         0.091    23.716 r  clk_50mhz_IBUF_BUFG_inst/O
                         net (fo=58, routed)          1.570    25.286    u_counter/CLK
    SLICE_X82Y131        FDCE                                         r  u_counter/minute_tens_reg[0]/C
                         clock pessimism              0.274    25.560    <hidden>
                         clock uncertainty           -0.035    25.525    <hidden>
    SLICE_X82Y131        FDCE (Setup_fdce_C_CE)      -0.205    25.320    u_counter/minute_tens_reg[0]
  -------------------------------------------------------------------
                         required time                         25.320    <hidden>
                         arrival time                          -9.867    <hidden>
  -------------------------------------------------------------------
                         slack                                 15.453    <hidden>

Slack (MET) :             15.453ns  (required time - arrival time)
  Source:                 u_counter/subsecond_reg[9]/C
                            (rising edge-triggered cell FDCE clocked by clk_50mhz  {rise@0.000ns fall@10.000ns period=20.000ns})
  Destination:            u_counter/minute_tens_reg[1]/CE
                            (rising edge-triggered cell FDCE clocked by clk_50mhz  {rise@0.000ns fall@10.000ns period=20.000ns})
  Path Group:             clk_50mhz
  Path Type:              Setup (Max at Slow Process Corner)
  Requirement:            20.000ns  (clk_50mhz rise@20.000ns - clk_50mhz rise@0.000ns)
  Data Path Delay:        4.277ns  (logic 1.192ns (27.872%)  route 3.085ns (72.128%))
  Logic Levels:           3  (LUT4=1 LUT6=2)
  Clock Path Skew:        -0.030ns (DCD - SCD + CPR)
    Destination Clock Delay (DCD):    5.286ns = ( 25.286 - 20.000 ) 
    Source Clock Delay      (SCD):    5.590ns
    Clock Pessimism Removal (CPR):    0.274ns
  Clock Uncertainty:      0.035ns  ((TSJ^2 + TIJ^2)^1/2 + DJ) / 2 + PE
    Total System Jitter     (TSJ):    0.071ns
    Total Input Jitter      (TIJ):    0.000ns
    Discrete Jitter          (DJ):    0.000ns
    Phase Error              (PE):    0.000ns

    Location             Delay type                Incr(ns)  Path(ns)    Netlist Resource(s)
  -------------------------------------------------------------------    -------------------
                         (clock clk_50mhz rise edge)
                                                      0.000     0.000 r  <hidden>
    B6                                                0.000     0.000 r  clk_50mhz
                         net (fo=0)                   0.000     0.000    clk_50mhz
    B6                   IBUF (Prop_ibuf_I_O)         1.500     1.500 r  clk_50mhz_IBUF_inst/O
                         net (fo=1, routed)           2.315     3.815    clk_50mhz_IBUF
    BUFGCTRL_X0Y16       BUFG (Prop_bufg_I_O)         0.096     3.911 r  clk_50mhz_IBUF_BUFG_inst/O
                         net (fo=58, routed)          1.679     5.590    u_counter/CLK
    SLICE_X78Y125        FDCE                                         r  u_counter/subsecond_reg[9]/C
  -------------------------------------------------------------------    -------------------
    SLICE_X78Y125        FDCE (Prop_fdce_C_Q)         0.419     6.009 f  u_counter/subsecond_reg[9]/Q
                         net (fo=2, routed)           0.787     6.796    u_counter/subsecond[9]
    SLICE_X78Y125        LUT4 (Prop_lut4_I3_O)        0.323     7.119 f  u_counter/second_ones[3]_i_3/O
                         net (fo=1, routed)           0.863     7.983    u_counter/second_ones[3]_i_3_n_0
    SLICE_X80Y126        LUT6 (Prop_lut6_I0_O)        0.326     8.309 r  u_counter/second_ones[3]_i_1/O
                         net (fo=32, routed)          0.761     9.070    u_counter/second_ones[3]_i_1_n_0
    SLICE_X81Y129        LUT6 (Prop_lut6_I4_O)        0.124     9.194 r  u_counter/minute_tens[3]_i_1/O
                         net (fo=4, routed)           0.673     9.867    u_counter/minute_tens[0]
    SLICE_X82Y131        FDCE                                         r  u_counter/minute_tens_reg[1]/CE
  -------------------------------------------------------------------    -------------------

                         (clock clk_50mhz rise edge)
                                                     20.000    20.000 r  <hidden>
    B6                                                0.000    20.000 r  clk_50mhz
                         net (fo=0)                   0.000    20.000    clk_50mhz
    B6                   IBUF (Prop_ibuf_I_O)         1.429    21.429 r  clk_50mhz_IBUF_inst/O
                         net (fo=1, routed)           2.196    23.625    clk_50mhz_IBUF
    BUFGCTRL_X0Y16       BUFG (Prop_bufg_I_O)         0.091    23.716 r  clk_50mhz_IBUF_BUFG_inst/O
                         net (fo=58, routed)          1.570    25.286    u_counter/CLK
    SLICE_X82Y131        FDCE                                         r  u_counter/minute_tens_reg[1]/C
                         clock pessimism              0.274    25.560    <hidden>
                         clock uncertainty           -0.035    25.525    <hidden>
    SLICE_X82Y131        FDCE (Setup_fdce_C_CE)      -0.205    25.320    u_counter/minute_tens_reg[1]
  -------------------------------------------------------------------
                         required time                         25.320    <hidden>
                         arrival time                          -9.867    <hidden>
  -------------------------------------------------------------------
                         slack                                 15.453    <hidden>

Slack (MET) :             15.453ns  (required time - arrival time)
  Source:                 u_counter/subsecond_reg[9]/C
                            (rising edge-triggered cell FDCE clocked by clk_50mhz  {rise@0.000ns fall@10.000ns period=20.000ns})
  Destination:            u_counter/minute_tens_reg[2]/CE
                            (rising edge-triggered cell FDCE clocked by clk_50mhz  {rise@0.000ns fall@10.000ns period=20.000ns})
  Path Group:             clk_50mhz
  Path Type:              Setup (Max at Slow Process Corner)
  Requirement:            20.000ns  (clk_50mhz rise@20.000ns - clk_50mhz rise@0.000ns)
  Data Path Delay:        4.277ns  (logic 1.192ns (27.872%)  route 3.085ns (72.128%))
  Logic Levels:           3  (LUT4=1 LUT6=2)
  Clock Path Skew:        -0.030ns (DCD - SCD + CPR)
    Destination Clock Delay (DCD):    5.286ns = ( 25.286 - 20.000 ) 
    Source Clock Delay      (SCD):    5.590ns
    Clock Pessimism Removal (CPR):    0.274ns
  Clock Uncertainty:      0.035ns  ((TSJ^2 + TIJ^2)^1/2 + DJ) / 2 + PE
    Total System Jitter     (TSJ):    0.071ns
    Total Input Jitter      (TIJ):    0.000ns
    Discrete Jitter          (DJ):    0.000ns
    Phase Error              (PE):    0.000ns

    Location             Delay type                Incr(ns)  Path(ns)    Netlist Resource(s)
  -------------------------------------------------------------------    -------------------
                         (clock clk_50mhz rise edge)
                                                      0.000     0.000 r  <hidden>
    B6                                                0.000     0.000 r  clk_50mhz
                         net (fo=0)                   0.000     0.000    clk_50mhz
    B6                   IBUF (Prop_ibuf_I_O)         1.500     1.500 r  clk_50mhz_IBUF_inst/O
                         net (fo=1, routed)           2.315     3.815    clk_50mhz_IBUF
    BUFGCTRL_X0Y16       BUFG (Prop_bufg_I_O)         0.096     3.911 r  clk_50mhz_IBUF_BUFG_inst/O
                         net (fo=58, routed)          1.679     5.590    u_counter/CLK
    SLICE_X78Y125        FDCE                                         r  u_counter/subsecond_reg[9]/C
  -------------------------------------------------------------------    -------------------
    SLICE_X78Y125        FDCE (Prop_fdce_C_Q)         0.419     6.009 f  u_counter/subsecond_reg[9]/Q
                         net (fo=2, routed)           0.787     6.796    u_counter/subsecond[9]
    SLICE_X78Y125        LUT4 (Prop_lut4_I3_O)        0.323     7.119 f  u_counter/second_ones[3]_i_3/O
                         net (fo=1, routed)           0.863     7.983    u_counter/second_ones[3]_i_3_n_0
    SLICE_X80Y126        LUT6 (Prop_lut6_I0_O)        0.326     8.309 r  u_counter/second_ones[3]_i_1/O
                         net (fo=32, routed)          0.761     9.070    u_counter/second_ones[3]_i_1_n_0
    SLICE_X81Y129        LUT6 (Prop_lut6_I4_O)        0.124     9.194 r  u_counter/minute_tens[3]_i_1/O
                         net (fo=4, routed)           0.673     9.867    u_counter/minute_tens[0]
    SLICE_X82Y131        FDCE                                         r  u_counter/minute_tens_reg[2]/CE
  -------------------------------------------------------------------    -------------------

                         (clock clk_50mhz rise edge)
                                                     20.000    20.000 r  <hidden>
    B6                                                0.000    20.000 r  clk_50mhz
                         net (fo=0)                   0.000    20.000    clk_50mhz
    B6                   IBUF (Prop_ibuf_I_O)         1.429    21.429 r  clk_50mhz_IBUF_inst/O
                         net (fo=1, routed)           2.196    23.625    clk_50mhz_IBUF
    BUFGCTRL_X0Y16       BUFG (Prop_bufg_I_O)         0.091    23.716 r  clk_50mhz_IBUF_BUFG_inst/O
                         net (fo=58, routed)          1.570    25.286    u_counter/CLK
    SLICE_X82Y131        FDCE                                         r  u_counter/minute_tens_reg[2]/C
                         clock pessimism              0.274    25.560    <hidden>
                         clock uncertainty           -0.035    25.525    <hidden>
    SLICE_X82Y131        FDCE (Setup_fdce_C_CE)      -0.205    25.320    u_counter/minute_tens_reg[2]
  -------------------------------------------------------------------
                         required time                         25.320    <hidden>
                         arrival time                          -9.867    <hidden>
  -------------------------------------------------------------------
                         slack                                 15.453    <hidden>

Slack (MET) :             15.453ns  (required time - arrival time)
  Source:                 u_counter/subsecond_reg[9]/C
                            (rising edge-triggered cell FDCE clocked by clk_50mhz  {rise@0.000ns fall@10.000ns period=20.000ns})
  Destination:            u_counter/minute_tens_reg[3]/CE
                            (rising edge-triggered cell FDCE clocked by clk_50mhz  {rise@0.000ns fall@10.000ns period=20.000ns})
  Path Group:             clk_50mhz
  Path Type:              Setup (Max at Slow Process Corner)
  Requirement:            20.000ns  (clk_50mhz rise@20.000ns - clk_50mhz rise@0.000ns)
  Data Path Delay:        4.277ns  (logic 1.192ns (27.872%)  route 3.085ns (72.128%))
  Logic Levels:           3  (LUT4=1 LUT6=2)
  Clock Path Skew:        -0.030ns (DCD - SCD + CPR)
    Destination Clock Delay (DCD):    5.286ns = ( 25.286 - 20.000 ) 
    Source Clock Delay      (SCD):    5.590ns
    Clock Pessimism Removal (CPR):    0.274ns
  Clock Uncertainty:      0.035ns  ((TSJ^2 + TIJ^2)^1/2 + DJ) / 2 + PE
    Total System Jitter     (TSJ):    0.071ns
    Total Input Jitter      (TIJ):    0.000ns
    Discrete Jitter          (DJ):    0.000ns
    Phase Error              (PE):    0.000ns

    Location             Delay type                Incr(ns)  Path(ns)    Netlist Resource(s)
  -------------------------------------------------------------------    -------------------
                         (clock clk_50mhz rise edge)
                                                      0.000     0.000 r  <hidden>
    B6                                                0.000     0.000 r  clk_50mhz
                         net (fo=0)                   0.000     0.000    clk_50mhz
    B6                   IBUF (Prop_ibuf_I_O)         1.500     1.500 r  clk_50mhz_IBUF_inst/O
                         net (fo=1, routed)           2.315     3.815    clk_50mhz_IBUF
    BUFGCTRL_X0Y16       BUFG (Prop_bufg_I_O)         0.096     3.911 r  clk_50mhz_IBUF_BUFG_inst/O
                         net (fo=58, routed)          1.679     5.590    u_counter/CLK
    SLICE_X78Y125        FDCE                                         r  u_counter/subsecond_reg[9]/C
  -------------------------------------------------------------------    -------------------
    SLICE_X78Y125        FDCE (Prop_fdce_C_Q)         0.419     6.009 f  u_counter/subsecond_reg[9]/Q
                         net (fo=2, routed)           0.787     6.796    u_counter/subsecond[9]
    SLICE_X78Y125        LUT4 (Prop_lut4_I3_O)        0.323     7.119 f  u_counter/second_ones[3]_i_3/O
                         net (fo=1, routed)           0.863     7.983    u_counter/second_ones[3]_i_3_n_0
    SLICE_X80Y126        LUT6 (Prop_lut6_I0_O)        0.326     8.309 r  u_counter/second_ones[3]_i_1/O
                         net (fo=32, routed)          0.761     9.070    u_counter/second_ones[3]_i_1_n_0
    SLICE_X81Y129        LUT6 (Prop_lut6_I4_O)        0.124     9.194 r  u_counter/minute_tens[3]_i_1/O
                         net (fo=4, routed)           0.673     9.867    u_counter/minute_tens[0]
    SLICE_X82Y131        FDCE                                         r  u_counter/minute_tens_reg[3]/CE
  -------------------------------------------------------------------    -------------------

                         (clock clk_50mhz rise edge)
                                                     20.000    20.000 r  <hidden>
    B6                                                0.000    20.000 r  clk_50mhz
                         net (fo=0)                   0.000    20.000    clk_50mhz
    B6                   IBUF (Prop_ibuf_I_O)         1.429    21.429 r  clk_50mhz_IBUF_inst/O
                         net (fo=1, routed)           2.196    23.625    clk_50mhz_IBUF
    BUFGCTRL_X0Y16       BUFG (Prop_bufg_I_O)         0.091    23.716 r  clk_50mhz_IBUF_BUFG_inst/O
                         net (fo=58, routed)          1.570    25.286    u_counter/CLK
    SLICE_X82Y131        FDCE                                         r  u_counter/minute_tens_reg[3]/C
                         clock pessimism              0.274    25.560    <hidden>
                         clock uncertainty           -0.035    25.525    <hidden>
    SLICE_X82Y131        FDCE (Setup_fdce_C_CE)      -0.205    25.320    u_counter/minute_tens_reg[3]
  -------------------------------------------------------------------
                         required time                         25.320    <hidden>
                         arrival time                          -9.867    <hidden>
  -------------------------------------------------------------------
                         slack                                 15.453    <hidden>

Slack (MET) :             15.717ns  (required time - arrival time)
  Source:                 u_counter/subsecond_reg[9]/C
                            (rising edge-triggered cell FDCE clocked by clk_50mhz  {rise@0.000ns fall@10.000ns period=20.000ns})
  Destination:            u_counter/second_tens_reg[0]/CE
                            (rising edge-triggered cell FDCE clocked by clk_50mhz  {rise@0.000ns fall@10.000ns period=20.000ns})
  Path Group:             clk_50mhz
  Path Type:              Setup (Max at Slow Process Corner)
  Requirement:            20.000ns  (clk_50mhz rise@20.000ns - clk_50mhz rise@0.000ns)
  Data Path Delay:        4.008ns  (logic 1.192ns (29.738%)  route 2.816ns (70.262%))
  Logic Levels:           3  (LUT4=1 LUT5=1 LUT6=1)
  Clock Path Skew:        -0.034ns (DCD - SCD + CPR)
    Destination Clock Delay (DCD):    5.282ns = ( 25.282 - 20.000 ) 
    Source Clock Delay      (SCD):    5.590ns
    Clock Pessimism Removal (CPR):    0.274ns
  Clock Uncertainty:      0.035ns  ((TSJ^2 + TIJ^2)^1/2 + DJ) / 2 + PE
    Total System Jitter     (TSJ):    0.071ns
    Total Input Jitter      (TIJ):    0.000ns
    Discrete Jitter          (DJ):    0.000ns
    Phase Error              (PE):    0.000ns

    Location             Delay type                Incr(ns)  Path(ns)    Netlist Resource(s)
  -------------------------------------------------------------------    -------------------
                         (clock clk_50mhz rise edge)
                                                      0.000     0.000 r  <hidden>
    B6                                                0.000     0.000 r  clk_50mhz
                         net (fo=0)                   0.000     0.000    clk_50mhz
    B6                   IBUF (Prop_ibuf_I_O)         1.500     1.500 r  clk_50mhz_IBUF_inst/O
                         net (fo=1, routed)           2.315     3.815    clk_50mhz_IBUF
    BUFGCTRL_X0Y16       BUFG (Prop_bufg_I_O)         0.096     3.911 r  clk_50mhz_IBUF_BUFG_inst/O
                         net (fo=58, routed)          1.679     5.590    u_counter/CLK
    SLICE_X78Y125        FDCE                                         r  u_counter/subsecond_reg[9]/C
  -------------------------------------------------------------------    -------------------
    SLICE_X78Y125        FDCE (Prop_fdce_C_Q)         0.419     6.009 f  u_counter/subsecond_reg[9]/Q
                         net (fo=2, routed)           0.787     6.796    u_counter/subsecond[9]
    SLICE_X78Y125        LUT4 (Prop_lut4_I3_O)        0.323     7.119 f  u_counter/second_ones[3]_i_3/O
                         net (fo=1, routed)           0.863     7.983    u_counter/second_ones[3]_i_3_n_0
    SLICE_X80Y126        LUT6 (Prop_lut6_I0_O)        0.326     8.309 r  u_counter/second_ones[3]_i_1/O
                         net (fo=32, routed)          0.635     8.944    u_counter/second_ones[3]_i_1_n_0
    SLICE_X82Y128        LUT5 (Prop_lut5_I0_O)        0.124     9.068 r  u_counter/second_tens[3]_i_1/O
                         net (fo=4, routed)           0.531     9.599    u_counter/second_tens[0]
    SLICE_X82Y127        FDCE                                         r  u_counter/second_tens_reg[0]/CE
  -------------------------------------------------------------------    -------------------

                         (clock clk_50mhz rise edge)
                                                     20.000    20.000 r  <hidden>
    B6                                                0.000    20.000 r  clk_50mhz
                         net (fo=0)                   0.000    20.000    clk_50mhz
    B6                   IBUF (Prop_ibuf_I_O)         1.429    21.429 r  clk_50mhz_IBUF_inst/O
                         net (fo=1, routed)           2.196    23.625    clk_50mhz_IBUF
    BUFGCTRL_X0Y16       BUFG (Prop_bufg_I_O)         0.091    23.716 r  clk_50mhz_IBUF_BUFG_inst/O
                         net (fo=58, routed)          1.566    25.282    u_counter/CLK
    SLICE_X82Y127        FDCE                                         r  u_counter/second_tens_reg[0]/C
                         clock pessimism              0.274    25.556    <hidden>
                         clock uncertainty           -0.035    25.521    <hidden>
    SLICE_X82Y127        FDCE (Setup_fdce_C_CE)      -0.205    25.316    u_counter/second_tens_reg[0]
  -------------------------------------------------------------------
                         required time                         25.316    <hidden>
                         arrival time                          -9.599    <hidden>
  -------------------------------------------------------------------
                         slack                                 15.717    <hidden>

Slack (MET) :             15.717ns  (required time - arrival time)
  Source:                 u_counter/subsecond_reg[9]/C
                            (rising edge-triggered cell FDCE clocked by clk_50mhz  {rise@0.000ns fall@10.000ns period=20.000ns})
  Destination:            u_counter/second_tens_reg[2]/CE
                            (rising edge-triggered cell FDCE clocked by clk_50mhz  {rise@0.000ns fall@10.000ns period=20.000ns})
  Path Group:             clk_50mhz
  Path Type:              Setup (Max at Slow Process Corner)
  Requirement:            20.000ns  (clk_50mhz rise@20.000ns - clk_50mhz rise@0.000ns)
  Data Path Delay:        4.008ns  (logic 1.192ns (29.738%)  route 2.816ns (70.262%))
  Logic Levels:           3  (LUT4=1 LUT5=1 LUT6=1)
  Clock Path Skew:        -0.034ns (DCD - SCD + CPR)
    Destination Clock Delay (DCD):    5.282ns = ( 25.282 - 20.000 ) 
    Source Clock Delay      (SCD):    5.590ns
    Clock Pessimism Removal (CPR):    0.274ns
  Clock Uncertainty:      0.035ns  ((TSJ^2 + TIJ^2)^1/2 + DJ) / 2 + PE
    Total System Jitter     (TSJ):    0.071ns
    Total Input Jitter      (TIJ):    0.000ns
    Discrete Jitter          (DJ):    0.000ns
    Phase Error              (PE):    0.000ns

    Location             Delay type                Incr(ns)  Path(ns)    Netlist Resource(s)
  -------------------------------------------------------------------    -------------------
                         (clock clk_50mhz rise edge)
                                                      0.000     0.000 r  <hidden>
    B6                                                0.000     0.000 r  clk_50mhz
                         net (fo=0)                   0.000     0.000    clk_50mhz
    B6                   IBUF (Prop_ibuf_I_O)         1.500     1.500 r  clk_50mhz_IBUF_inst/O
                         net (fo=1, routed)           2.315     3.815    clk_50mhz_IBUF
    BUFGCTRL_X0Y16       BUFG (Prop_bufg_I_O)         0.096     3.911 r  clk_50mhz_IBUF_BUFG_inst/O
                         net (fo=58, routed)          1.679     5.590    u_counter/CLK
    SLICE_X78Y125        FDCE                                         r  u_counter/subsecond_reg[9]/C
  -------------------------------------------------------------------    -------------------
    SLICE_X78Y125        FDCE (Prop_fdce_C_Q)         0.419     6.009 f  u_counter/subsecond_reg[9]/Q
                         net (fo=2, routed)           0.787     6.796    u_counter/subsecond[9]
    SLICE_X78Y125        LUT4 (Prop_lut4_I3_O)        0.323     7.119 f  u_counter/second_ones[3]_i_3/O
                         net (fo=1, routed)           0.863     7.983    u_counter/second_ones[3]_i_3_n_0
    SLICE_X80Y126        LUT6 (Prop_lut6_I0_O)        0.326     8.309 r  u_counter/second_ones[3]_i_1/O
                         net (fo=32, routed)          0.635     8.944    u_counter/second_ones[3]_i_1_n_0
    SLICE_X82Y128        LUT5 (Prop_lut5_I0_O)        0.124     9.068 r  u_counter/second_tens[3]_i_1/O
                         net (fo=4, routed)           0.531     9.599    u_counter/second_tens[0]
    SLICE_X82Y127        FDCE                                         r  u_counter/second_tens_reg[2]/CE
  -------------------------------------------------------------------    -------------------

                         (clock clk_50mhz rise edge)
                                                     20.000    20.000 r  <hidden>
    B6                                                0.000    20.000 r  clk_50mhz
                         net (fo=0)                   0.000    20.000    clk_50mhz
    B6                   IBUF (Prop_ibuf_I_O)         1.429    21.429 r  clk_50mhz_IBUF_inst/O
                         net (fo=1, routed)           2.196    23.625    clk_50mhz_IBUF
    BUFGCTRL_X0Y16       BUFG (Prop_bufg_I_O)         0.091    23.716 r  clk_50mhz_IBUF_BUFG_inst/O
                         net (fo=58, routed)          1.566    25.282    u_counter/CLK
    SLICE_X82Y127        FDCE                                         r  u_counter/second_tens_reg[2]/C
                         clock pessimism              0.274    25.556    <hidden>
                         clock uncertainty           -0.035    25.521    <hidden>
    SLICE_X82Y127        FDCE (Setup_fdce_C_CE)      -0.205    25.316    u_counter/second_tens_reg[2]
  -------------------------------------------------------------------
                         required time                         25.316    <hidden>
                         arrival time                          -9.599    <hidden>
  -------------------------------------------------------------------
                         slack                                 15.717    <hidden>





Min Delay Paths
--------------------------------------------------------------------------------------
Slack (MET) :             0.210ns  (arrival time - required time)
  Source:                 u_counter/minute_ones_reg[1]/C
                            (rising edge-triggered cell FDCE clocked by clk_50mhz  {rise@0.000ns fall@10.000ns period=20.000ns})
  Destination:            u_counter/minute_ones_reg[2]/D
                            (rising edge-triggered cell FDCE clocked by clk_50mhz  {rise@0.000ns fall@10.000ns period=20.000ns})
  Path Group:             clk_50mhz
  Path Type:              Hold (Min at Fast Process Corner)
  Requirement:            0.000ns  (clk_50mhz rise@0.000ns - clk_50mhz rise@0.000ns)
  Data Path Delay:        0.353ns  (logic 0.189ns (53.592%)  route 0.164ns (46.408%))
  Logic Levels:           1  (LUT3=1)
  Clock Path Skew:        0.038ns (DCD - SCD - CPR)
    Destination Clock Delay (DCD):    2.212ns
    Source Clock Delay      (SCD):    1.686ns
    Clock Pessimism Removal (CPR):    0.488ns

    Location             Delay type                Incr(ns)  Path(ns)    Netlist Resource(s)
  -------------------------------------------------------------------    -------------------
                         (clock clk_50mhz rise edge)
                                                      0.000     0.000 r  <hidden>
    B6                                                0.000     0.000 r  clk_50mhz
                         net (fo=0)                   0.000     0.000    clk_50mhz
    B6                   IBUF (Prop_ibuf_I_O)         0.268     0.268 r  clk_50mhz_IBUF_inst/O
                         net (fo=1, routed)           0.808     1.075    clk_50mhz_IBUF
    BUFGCTRL_X0Y16       BUFG (Prop_bufg_I_O)         0.026     1.101 r  clk_50mhz_IBUF_BUFG_inst/O
                         net (fo=58, routed)          0.585     1.686    u_counter/CLK
    SLICE_X81Y129        FDCE                                         r  u_counter/minute_ones_reg[1]/C
  -------------------------------------------------------------------    -------------------
    SLICE_X81Y129        FDCE (Prop_fdce_C_Q)         0.141     1.827 r  u_counter/minute_ones_reg[1]/Q
                         net (fo=11, routed)          0.164     1.991    u_counter/minute_ones_reg[1]
    SLICE_X83Y130        LUT3 (Prop_lut3_I2_O)        0.048     2.039 r  u_counter/minute_ones[2]_i_1/O
                         net (fo=1, routed)           0.000     2.039    u_counter/minute_ones[2]_i_1_n_0
    SLICE_X83Y130        FDCE                                         r  u_counter/minute_ones_reg[2]/D
  -------------------------------------------------------------------    -------------------

                         (clock clk_50mhz rise edge)
                                                      0.000     0.000 r  <hidden>
    B6                                                0.000     0.000 r  clk_50mhz
                         net (fo=0)                   0.000     0.000    clk_50mhz
    B6                   IBUF (Prop_ibuf_I_O)         0.456     0.456 r  clk_50mhz_IBUF_inst/O
                         net (fo=1, routed)           0.871     1.327    clk_50mhz_IBUF
    BUFGCTRL_X0Y16       BUFG (Prop_bufg_I_O)         0.029     1.356 r  clk_50mhz_IBUF_BUFG_inst/O
                         net (fo=58, routed)          0.856     2.212    u_counter/CLK
    SLICE_X83Y130        FDCE                                         r  u_counter/minute_ones_reg[2]/C
                         clock pessimism             -0.488     1.724    <hidden>
    SLICE_X83Y130        FDCE (Hold_fdce_C_D)         0.105     1.829    u_counter/minute_ones_reg[2]
  -------------------------------------------------------------------
                         required time                         -1.829    <hidden>
                         arrival time                           2.039    <hidden>
  -------------------------------------------------------------------
                         slack                                  0.210    <hidden>

Slack (MET) :             0.263ns  (arrival time - required time)
  Source:                 u_counter/second_ones_reg[0]/C
                            (rising edge-triggered cell FDCE clocked by clk_50mhz  {rise@0.000ns fall@10.000ns period=20.000ns})
  Destination:            u_counter/second_ones_reg[0]/D
                            (rising edge-triggered cell FDCE clocked by clk_50mhz  {rise@0.000ns fall@10.000ns period=20.000ns})
  Path Group:             clk_50mhz
  Path Type:              Hold (Min at Fast Process Corner)
  Requirement:            0.000ns  (clk_50mhz rise@0.000ns - clk_50mhz rise@0.000ns)
  Data Path Delay:        0.354ns  (logic 0.186ns (52.507%)  route 0.168ns (47.493%))
  Logic Levels:           1  (LUT1=1)
  Clock Path Skew:        0.000ns (DCD - SCD - CPR)
    Destination Clock Delay (DCD):    2.209ns
    Source Clock Delay      (SCD):    1.685ns
    Clock Pessimism Removal (CPR):    0.524ns

    Location             Delay type                Incr(ns)  Path(ns)    Netlist Resource(s)
  -------------------------------------------------------------------    -------------------
                         (clock clk_50mhz rise edge)
                                                      0.000     0.000 r  <hidden>
    B6                                                0.000     0.000 r  clk_50mhz
                         net (fo=0)                   0.000     0.000    clk_50mhz
    B6                   IBUF (Prop_ibuf_I_O)         0.268     0.268 r  clk_50mhz_IBUF_inst/O
                         net (fo=1, routed)           0.808     1.075    clk_50mhz_IBUF
    BUFGCTRL_X0Y16       BUFG (Prop_bufg_I_O)         0.026     1.101 r  clk_50mhz_IBUF_BUFG_inst/O
                         net (fo=58, routed)          0.584     1.685    u_counter/CLK
    SLICE_X81Y128        FDCE                                         r  u_counter/second_ones_reg[0]/C
  -------------------------------------------------------------------    -------------------
    SLICE_X81Y128        FDCE (Prop_fdce_C_Q)         0.141     1.826 f  u_counter/second_ones_reg[0]/Q
                         net (fo=14, routed)          0.168     1.994    u_counter/second_ones_reg[0]
    SLICE_X81Y128        LUT1 (Prop_lut1_I0_O)        0.045     2.039 r  u_counter/second_ones[0]_i_1/O
                         net (fo=1, routed)           0.000     2.039    u_counter/second_ones[0]_i_1_n_0
    SLICE_X81Y128        FDCE                                         r  u_counter/second_ones_reg[0]/D
  -------------------------------------------------------------------    -------------------

                         (clock clk_50mhz rise edge)
                                                      0.000     0.000 r  <hidden>
    B6                                                0.000     0.000 r  clk_50mhz
                         net (fo=0)                   0.000     0.000    clk_50mhz
    B6                   IBUF (Prop_ibuf_I_O)         0.456     0.456 r  clk_50mhz_IBUF_inst/O
                         net (fo=1, routed)           0.871     1.327    clk_50mhz_IBUF
    BUFGCTRL_X0Y16       BUFG (Prop_bufg_I_O)         0.029     1.356 r  clk_50mhz_IBUF_BUFG_inst/O
                         net (fo=58, routed)          0.854     2.209    u_counter/CLK
    SLICE_X81Y128        FDCE                                         r  u_counter/second_ones_reg[0]/C
                         clock pessimism             -0.524     1.685    <hidden>
    SLICE_X81Y128        FDCE (Hold_fdce_C_D)         0.091     1.776    u_counter/second_ones_reg[0]
  -------------------------------------------------------------------
                         required time                         -1.776    <hidden>
                         arrival time                           2.039    <hidden>
  -------------------------------------------------------------------
                         slack                                  0.263    <hidden>

Slack (MET) :             0.276ns  (arrival time - required time)
  Source:                 scan_count_reg[0]/C
                            (rising edge-triggered cell FDCE clocked by clk_50mhz  {rise@0.000ns fall@10.000ns period=20.000ns})
  Destination:            scan_count_reg[0]/D
                            (rising edge-triggered cell FDCE clocked by clk_50mhz  {rise@0.000ns fall@10.000ns period=20.000ns})
  Path Group:             clk_50mhz
  Path Type:              Hold (Min at Fast Process Corner)
  Requirement:            0.000ns  (clk_50mhz rise@0.000ns - clk_50mhz rise@0.000ns)
  Data Path Delay:        0.367ns  (logic 0.186ns (50.750%)  route 0.181ns (49.250%))
  Logic Levels:           1  (LUT1=1)
  Clock Path Skew:        0.000ns (DCD - SCD - CPR)
    Destination Clock Delay (DCD):    2.208ns
    Source Clock Delay      (SCD):    1.685ns
    Clock Pessimism Removal (CPR):    0.523ns

    Location             Delay type                Incr(ns)  Path(ns)    Netlist Resource(s)
  -------------------------------------------------------------------    -------------------
                         (clock clk_50mhz rise edge)
                                                      0.000     0.000 r  <hidden>
    B6                                                0.000     0.000 r  clk_50mhz
                         net (fo=0)                   0.000     0.000    clk_50mhz
    B6                   IBUF (Prop_ibuf_I_O)         0.268     0.268 r  clk_50mhz_IBUF_inst/O
                         net (fo=1, routed)           0.808     1.075    clk_50mhz_IBUF
    BUFGCTRL_X0Y16       BUFG (Prop_bufg_I_O)         0.026     1.101 r  clk_50mhz_IBUF_BUFG_inst/O
                         net (fo=58, routed)          0.584     1.685    clk_50mhz_IBUF_BUFG
    SLICE_X81Y127        FDCE                                         r  scan_count_reg[0]/C
  -------------------------------------------------------------------    -------------------
    SLICE_X81Y127        FDCE (Prop_fdce_C_Q)         0.141     1.826 f  scan_count_reg[0]/Q
                         net (fo=3, routed)           0.181     2.007    scan_count_reg_n_0_[0]
    SLICE_X81Y127        LUT1 (Prop_lut1_I0_O)        0.045     2.052 r  scan_count[0]_i_1/O
                         net (fo=1, routed)           0.000     2.052    scan_count[0]
    SLICE_X81Y127        FDCE                                         r  scan_count_reg[0]/D
  -------------------------------------------------------------------    -------------------

                         (clock clk_50mhz rise edge)
                                                      0.000     0.000 r  <hidden>
    B6                                                0.000     0.000 r  clk_50mhz
                         net (fo=0)                   0.000     0.000    clk_50mhz
    B6                   IBUF (Prop_ibuf_I_O)         0.456     0.456 r  clk_50mhz_IBUF_inst/O
                         net (fo=1, routed)           0.871     1.327    clk_50mhz_IBUF
    BUFGCTRL_X0Y16       BUFG (Prop_bufg_I_O)         0.029     1.356 r  clk_50mhz_IBUF_BUFG_inst/O
                         net (fo=58, routed)          0.853     2.208    clk_50mhz_IBUF_BUFG
    SLICE_X81Y127        FDCE                                         r  scan_count_reg[0]/C
                         clock pessimism             -0.523     1.685    <hidden>
    SLICE_X81Y127        FDCE (Hold_fdce_C_D)         0.091     1.776    scan_count_reg[0]
  -------------------------------------------------------------------
                         required time                         -1.776    <hidden>
                         arrival time                           2.052    <hidden>
  -------------------------------------------------------------------
                         slack                                  0.276    <hidden>

Slack (MET) :             0.280ns  (arrival time - required time)
  Source:                 u_counter/second_tens_reg[0]/C
                            (rising edge-triggered cell FDCE clocked by clk_50mhz  {rise@0.000ns fall@10.000ns period=20.000ns})
  Destination:            u_counter/second_tens_reg[0]/D
                            (rising edge-triggered cell FDCE clocked by clk_50mhz  {rise@0.000ns fall@10.000ns period=20.000ns})
  Path Group:             clk_50mhz
  Path Type:              Hold (Min at Fast Process Corner)
  Requirement:            0.000ns  (clk_50mhz rise@0.000ns - clk_50mhz rise@0.000ns)
  Data Path Delay:        0.371ns  (logic 0.186ns (50.162%)  route 0.185ns (49.838%))
  Logic Levels:           1  (LUT1=1)
  Clock Path Skew:        0.000ns (DCD - SCD - CPR)
    Destination Clock Delay (DCD):    2.209ns
    Source Clock Delay      (SCD):    1.686ns
    Clock Pessimism Removal (CPR):    0.523ns

    Location             Delay type                Incr(ns)  Path(ns)    Netlist Resource(s)
  -------------------------------------------------------------------    -------------------
                         (clock clk_50mhz rise edge)
                                                      0.000     0.000 r  <hidden>
    B6                                                0.000     0.000 r  clk_50mhz
                         net (fo=0)                   0.000     0.000    clk_50mhz
    B6                   IBUF (Prop_ibuf_I_O)         0.268     0.268 r  clk_50mhz_IBUF_inst/O
                         net (fo=1, routed)           0.808     1.075    clk_50mhz_IBUF
    BUFGCTRL_X0Y16       BUFG (Prop_bufg_I_O)         0.026     1.101 r  clk_50mhz_IBUF_BUFG_inst/O
                         net (fo=58, routed)          0.585     1.686    u_counter/CLK
    SLICE_X82Y127        FDCE                                         r  u_counter/second_tens_reg[0]/C
  -------------------------------------------------------------------    -------------------
    SLICE_X82Y127        FDCE (Prop_fdce_C_Q)         0.141     1.827 f  u_counter/second_tens_reg[0]/Q
                         net (fo=12, routed)          0.185     2.012    u_counter/second_tens_reg[0]
    SLICE_X82Y127        LUT1 (Prop_lut1_I0_O)        0.045     2.057 r  u_counter/second_tens[0]_i_1/O
                         net (fo=1, routed)           0.000     2.057    u_counter/p_0_in__0[0]
    SLICE_X82Y127        FDCE                                         r  u_counter/second_tens_reg[0]/D
  -------------------------------------------------------------------    -------------------

                         (clock clk_50mhz rise edge)
                                                      0.000     0.000 r  <hidden>
    B6                                                0.000     0.000 r  clk_50mhz
                         net (fo=0)                   0.000     0.000    clk_50mhz
    B6                   IBUF (Prop_ibuf_I_O)         0.456     0.456 r  clk_50mhz_IBUF_inst/O
                         net (fo=1, routed)           0.871     1.327    clk_50mhz_IBUF
    BUFGCTRL_X0Y16       BUFG (Prop_bufg_I_O)         0.029     1.356 r  clk_50mhz_IBUF_BUFG_inst/O
                         net (fo=58, routed)          0.854     2.209    u_counter/CLK
    SLICE_X82Y127        FDCE                                         r  u_counter/second_tens_reg[0]/C
                         clock pessimism             -0.523     1.686    <hidden>
    SLICE_X82Y127        FDCE (Hold_fdce_C_D)         0.091     1.777    u_counter/second_tens_reg[0]
  -------------------------------------------------------------------
                         required time                         -1.777    <hidden>
                         arrival time                           2.057    <hidden>
  -------------------------------------------------------------------
                         slack                                  0.280    <hidden>

Slack (MET) :             0.297ns  (arrival time - required time)
  Source:                 u_counter/minute_ones_reg[0]/C
                            (rising edge-triggered cell FDCE clocked by clk_50mhz  {rise@0.000ns fall@10.000ns period=20.000ns})
  Destination:            u_counter/minute_ones_reg[3]/D
                            (rising edge-triggered cell FDCE clocked by clk_50mhz  {rise@0.000ns fall@10.000ns period=20.000ns})
  Path Group:             clk_50mhz
  Path Type:              Hold (Min at Fast Process Corner)
  Requirement:            0.000ns  (clk_50mhz rise@0.000ns - clk_50mhz rise@0.000ns)
  Data Path Delay:        0.439ns  (logic 0.187ns (42.589%)  route 0.252ns (57.411%))
  Logic Levels:           1  (LUT4=1)
  Clock Path Skew:        0.035ns (DCD - SCD - CPR)
    Destination Clock Delay (DCD):    2.210ns
    Source Clock Delay      (SCD):    1.687ns
    Clock Pessimism Removal (CPR):    0.488ns

    Location             Delay type                Incr(ns)  Path(ns)    Netlist Resource(s)
  -------------------------------------------------------------------    -------------------
                         (clock clk_50mhz rise edge)
                                                      0.000     0.000 r  <hidden>
    B6                                                0.000     0.000 r  clk_50mhz
                         net (fo=0)                   0.000     0.000    clk_50mhz
    B6                   IBUF (Prop_ibuf_I_O)         0.268     0.268 r  clk_50mhz_IBUF_inst/O
                         net (fo=1, routed)           0.808     1.075    clk_50mhz_IBUF
    BUFGCTRL_X0Y16       BUFG (Prop_bufg_I_O)         0.026     1.101 r  clk_50mhz_IBUF_BUFG_inst/O
                         net (fo=58, routed)          0.586     1.687    u_counter/CLK
    SLICE_X83Y129        FDCE                                         r  u_counter/minute_ones_reg[0]/C
  -------------------------------------------------------------------    -------------------
    SLICE_X83Y129        FDCE (Prop_fdce_C_Q)         0.141     1.828 r  u_counter/minute_ones_reg[0]/Q
                         net (fo=12, routed)          0.252     2.080    u_counter/minute_ones_reg[0]
    SLICE_X81Y129        LUT4 (Prop_lut4_I3_O)        0.046     2.126 r  u_counter/minute_ones[3]_i_2/O
                         net (fo=1, routed)           0.000     2.126    u_counter/p_0_in__1[3]
    SLICE_X81Y129        FDCE                                         r  u_counter/minute_ones_reg[3]/D
  -------------------------------------------------------------------    -------------------

                         (clock clk_50mhz rise edge)
                                                      0.000     0.000 r  <hidden>
    B6                                                0.000     0.000 r  clk_50mhz
                         net (fo=0)                   0.000     0.000    clk_50mhz
    B6                   IBUF (Prop_ibuf_I_O)         0.456     0.456 r  clk_50mhz_IBUF_inst/O
                         net (fo=1, routed)           0.871     1.327    clk_50mhz_IBUF
    BUFGCTRL_X0Y16       BUFG (Prop_bufg_I_O)         0.029     1.356 r  clk_50mhz_IBUF_BUFG_inst/O
                         net (fo=58, routed)          0.855     2.210    u_counter/CLK
    SLICE_X81Y129        FDCE                                         r  u_counter/minute_ones_reg[3]/C
                         clock pessimism             -0.488     1.722    <hidden>
    SLICE_X81Y129        FDCE (Hold_fdce_C_D)         0.107     1.829    u_counter/minute_ones_reg[3]
  -------------------------------------------------------------------
                         required time                         -1.829    <hidden>
                         arrival time                           2.126    <hidden>
  -------------------------------------------------------------------
                         slack                                  0.297    <hidden>

Slack (MET) :             0.299ns  (arrival time - required time)
  Source:                 u_counter/minute_ones_reg[0]/C
                            (rising edge-triggered cell FDCE clocked by clk_50mhz  {rise@0.000ns fall@10.000ns period=20.000ns})
  Destination:            u_counter/minute_ones_reg[0]/D
                            (rising edge-triggered cell FDCE clocked by clk_50mhz  {rise@0.000ns fall@10.000ns period=20.000ns})
  Path Group:             clk_50mhz
  Path Type:              Hold (Min at Fast Process Corner)
  Requirement:            0.000ns  (clk_50mhz rise@0.000ns - clk_50mhz rise@0.000ns)
  Data Path Delay:        0.390ns  (logic 0.186ns (47.732%)  route 0.204ns (52.268%))
  Logic Levels:           1  (LUT1=1)
  Clock Path Skew:        0.000ns (DCD - SCD - CPR)
    Destination Clock Delay (DCD):    2.211ns
    Source Clock Delay      (SCD):    1.687ns
    Clock Pessimism Removal (CPR):    0.524ns

    Location             Delay type                Incr(ns)  Path(ns)    Netlist Resource(s)
  -------------------------------------------------------------------    -------------------
                         (clock clk_50mhz rise edge)
                                                      0.000     0.000 r  <hidden>
    B6                                                0.000     0.000 r  clk_50mhz
                         net (fo=0)                   0.000     0.000    clk_50mhz
    B6                   IBUF (Prop_ibuf_I_O)         0.268     0.268 r  clk_50mhz_IBUF_inst/O
                         net (fo=1, routed)           0.808     1.075    clk_50mhz_IBUF
    BUFGCTRL_X0Y16       BUFG (Prop_bufg_I_O)         0.026     1.101 r  clk_50mhz_IBUF_BUFG_inst/O
                         net (fo=58, routed)          0.586     1.687    u_counter/CLK
    SLICE_X83Y129        FDCE                                         r  u_counter/minute_ones_reg[0]/C
  -------------------------------------------------------------------    -------------------
    SLICE_X83Y129        FDCE (Prop_fdce_C_Q)         0.141     1.828 f  u_counter/minute_ones_reg[0]/Q
                         net (fo=12, routed)          0.204     2.032    u_counter/minute_ones_reg[0]
    SLICE_X83Y129        LUT1 (Prop_lut1_I0_O)        0.045     2.077 r  u_counter/minute_ones[0]_i_1/O
                         net (fo=1, routed)           0.000     2.077    u_counter/minute_ones[0]_i_1_n_0
    SLICE_X83Y129        FDCE                                         r  u_counter/minute_ones_reg[0]/D
  -------------------------------------------------------------------    -------------------

                         (clock clk_50mhz rise edge)
                                                      0.000     0.000 r  <hidden>
    B6                                                0.000     0.000 r  clk_50mhz
                         net (fo=0)                   0.000     0.000    clk_50mhz
    B6                   IBUF (Prop_ibuf_I_O)         0.456     0.456 r  clk_50mhz_IBUF_inst/O
                         net (fo=1, routed)           0.871     1.327    clk_50mhz_IBUF
    BUFGCTRL_X0Y16       BUFG (Prop_bufg_I_O)         0.029     1.356 r  clk_50mhz_IBUF_BUFG_inst/O
                         net (fo=58, routed)          0.855     2.211    u_counter/CLK
    SLICE_X83Y129        FDCE                                         r  u_counter/minute_ones_reg[0]/C
                         clock pessimism             -0.524     1.687    <hidden>
    SLICE_X83Y129        FDCE (Hold_fdce_C_D)         0.091     1.778    u_counter/minute_ones_reg[0]
  -------------------------------------------------------------------
                         required time                         -1.778    <hidden>
                         arrival time                           2.077    <hidden>
  -------------------------------------------------------------------
                         slack                                  0.299    <hidden>

Slack (MET) :             0.306ns  (arrival time - required time)
  Source:                 u_counter/minute_tens_reg[1]/C
                            (rising edge-triggered cell FDCE clocked by clk_50mhz  {rise@0.000ns fall@10.000ns period=20.000ns})
  Destination:            u_counter/minute_tens_reg[2]/D
                            (rising edge-triggered cell FDCE clocked by clk_50mhz  {rise@0.000ns fall@10.000ns period=20.000ns})
  Path Group:             clk_50mhz
  Path Type:              Hold (Min at Fast Process Corner)
  Requirement:            0.000ns  (clk_50mhz rise@0.000ns - clk_50mhz rise@0.000ns)
  Data Path Delay:        0.413ns  (logic 0.183ns (44.284%)  route 0.230ns (55.716%))
  Logic Levels:           1  (LUT4=1)
  Clock Path Skew:        0.000ns (DCD - SCD - CPR)
    Destination Clock Delay (DCD):    2.213ns
    Source Clock Delay      (SCD):    1.689ns
    Clock Pessimism Removal (CPR):    0.524ns

    Location             Delay type                Incr(ns)  Path(ns)    Netlist Resource(s)
  -------------------------------------------------------------------    -------------------
                         (clock clk_50mhz rise edge)
                                                      0.000     0.000 r  <hidden>
    B6                                                0.000     0.000 r  clk_50mhz
                         net (fo=0)                   0.000     0.000    clk_50mhz
    B6                   IBUF (Prop_ibuf_I_O)         0.268     0.268 r  clk_50mhz_IBUF_inst/O
                         net (fo=1, routed)           0.808     1.075    clk_50mhz_IBUF
    BUFGCTRL_X0Y16       BUFG (Prop_bufg_I_O)         0.026     1.101 r  clk_50mhz_IBUF_BUFG_inst/O
                         net (fo=58, routed)          0.588     1.689    u_counter/CLK
    SLICE_X82Y131        FDCE                                         r  u_counter/minute_tens_reg[1]/C
  -------------------------------------------------------------------    -------------------
    SLICE_X82Y131        FDCE (Prop_fdce_C_Q)         0.141     1.830 r  u_counter/minute_tens_reg[1]/Q
                         net (fo=14, routed)          0.230     2.060    u_counter/minute_tens_reg[1]
    SLICE_X82Y131        LUT4 (Prop_lut4_I2_O)        0.042     2.102 r  u_counter/minute_tens[2]_i_1/O
                         net (fo=1, routed)           0.000     2.102    u_counter/p_0_in__2[2]
    SLICE_X82Y131        FDCE                                         r  u_counter/minute_tens_reg[2]/D
  -------------------------------------------------------------------    -------------------

                         (clock clk_50mhz rise edge)
                                                      0.000     0.000 r  <hidden>
    B6                                                0.000     0.000 r  clk_50mhz
                         net (fo=0)                   0.000     0.000    clk_50mhz
    B6                   IBUF (Prop_ibuf_I_O)         0.456     0.456 r  clk_50mhz_IBUF_inst/O
                         net (fo=1, routed)           0.871     1.327    clk_50mhz_IBUF
    BUFGCTRL_X0Y16       BUFG (Prop_bufg_I_O)         0.029     1.356 r  clk_50mhz_IBUF_BUFG_inst/O
                         net (fo=58, routed)          0.858     2.213    u_counter/CLK
    SLICE_X82Y131        FDCE                                         r  u_counter/minute_tens_reg[2]/C
                         clock pessimism             -0.524     1.689    <hidden>
    SLICE_X82Y131        FDCE (Hold_fdce_C_D)         0.107     1.796    u_counter/minute_tens_reg[2]
  -------------------------------------------------------------------
                         required time                         -1.796    <hidden>
                         arrival time                           2.102    <hidden>
  -------------------------------------------------------------------
                         slack                                  0.306    <hidden>

Slack (MET) :             0.307ns  (arrival time - required time)
  Source:                 u_counter/second_ones_reg[1]/C
                            (rising edge-triggered cell FDCE clocked by clk_50mhz  {rise@0.000ns fall@10.000ns period=20.000ns})
  Destination:            u_counter/second_ones_reg[3]/D
                            (rising edge-triggered cell FDCE clocked by clk_50mhz  {rise@0.000ns fall@10.000ns period=20.000ns})
  Path Group:             clk_50mhz
  Path Type:              Hold (Min at Fast Process Corner)
  Requirement:            0.000ns  (clk_50mhz rise@0.000ns - clk_50mhz rise@0.000ns)
  Data Path Delay:        0.414ns  (logic 0.183ns (44.180%)  route 0.231ns (55.820%))
  Logic Levels:           1  (LUT4=1)
  Clock Path Skew:        0.000ns (DCD - SCD - CPR)
    Destination Clock Delay (DCD):    2.211ns
    Source Clock Delay      (SCD):    1.687ns
    Clock Pessimism Removal (CPR):    0.524ns

    Location             Delay type                Incr(ns)  Path(ns)    Netlist Resource(s)
  -------------------------------------------------------------------    -------------------
                         (clock clk_50mhz rise edge)
                                                      0.000     0.000 r  <hidden>
    B6                                                0.000     0.000 r  clk_50mhz
                         net (fo=0)                   0.000     0.000    clk_50mhz
    B6                   IBUF (Prop_ibuf_I_O)         0.268     0.268 r  clk_50mhz_IBUF_inst/O
                         net (fo=1, routed)           0.808     1.075    clk_50mhz_IBUF
    BUFGCTRL_X0Y16       BUFG (Prop_bufg_I_O)         0.026     1.101 r  clk_50mhz_IBUF_BUFG_inst/O
                         net (fo=58, routed)          0.586     1.687    u_counter/CLK
    SLICE_X82Y129        FDCE                                         r  u_counter/second_ones_reg[1]/C
  -------------------------------------------------------------------    -------------------
    SLICE_X82Y129        FDCE (Prop_fdce_C_Q)         0.141     1.828 r  u_counter/second_ones_reg[1]/Q
                         net (fo=13, routed)          0.231     2.059    u_counter/second_ones_reg[1]
    SLICE_X82Y129        LUT4 (Prop_lut4_I1_O)        0.042     2.101 r  u_counter/second_ones[3]_i_2/O
                         net (fo=1, routed)           0.000     2.101    u_counter/p_0_in[3]
    SLICE_X82Y129        FDCE                                         r  u_counter/second_ones_reg[3]/D
  -------------------------------------------------------------------    -------------------

                         (clock clk_50mhz rise edge)
                                                      0.000     0.000 r  <hidden>
    B6                                                0.000     0.000 r  clk_50mhz
                         net (fo=0)                   0.000     0.000    clk_50mhz
    B6                   IBUF (Prop_ibuf_I_O)         0.456     0.456 r  clk_50mhz_IBUF_inst/O
                         net (fo=1, routed)           0.871     1.327    clk_50mhz_IBUF
    BUFGCTRL_X0Y16       BUFG (Prop_bufg_I_O)         0.029     1.356 r  clk_50mhz_IBUF_BUFG_inst/O
                         net (fo=58, routed)          0.855     2.211    u_counter/CLK
    SLICE_X82Y129        FDCE                                         r  u_counter/second_ones_reg[3]/C
                         clock pessimism             -0.524     1.687    <hidden>
    SLICE_X82Y129        FDCE (Hold_fdce_C_D)         0.107     1.794    u_counter/second_ones_reg[3]
  -------------------------------------------------------------------
                         required time                         -1.794    <hidden>
                         arrival time                           2.101    <hidden>
  -------------------------------------------------------------------
                         slack                                  0.307    <hidden>

Slack (MET) :             0.312ns  (arrival time - required time)
  Source:                 u_counter/minute_ones_reg[0]/C
                            (rising edge-triggered cell FDCE clocked by clk_50mhz  {rise@0.000ns fall@10.000ns period=20.000ns})
  Destination:            u_counter/minute_ones_reg[1]/D
                            (rising edge-triggered cell FDCE clocked by clk_50mhz  {rise@0.000ns fall@10.000ns period=20.000ns})
  Path Group:             clk_50mhz
  Path Type:              Hold (Min at Fast Process Corner)
  Requirement:            0.000ns  (clk_50mhz rise@0.000ns - clk_50mhz rise@0.000ns)
  Data Path Delay:        0.438ns  (logic 0.186ns (42.458%)  route 0.252ns (57.542%))
  Logic Levels:           1  (LUT4=1)
  Clock Path Skew:        0.035ns (DCD - SCD - CPR)
    Destination Clock Delay (DCD):    2.210ns
    Source Clock Delay      (SCD):    1.687ns
    Clock Pessimism Removal (CPR):    0.488ns

    Location             Delay type                Incr(ns)  Path(ns)    Netlist Resource(s)
  -------------------------------------------------------------------    -------------------
                         (clock clk_50mhz rise edge)
                                                      0.000     0.000 r  <hidden>
    B6                                                0.000     0.000 r  clk_50mhz
                         net (fo=0)                   0.000     0.000    clk_50mhz
    B6                   IBUF (Prop_ibuf_I_O)         0.268     0.268 r  clk_50mhz_IBUF_inst/O
                         net (fo=1, routed)           0.808     1.075    clk_50mhz_IBUF
    BUFGCTRL_X0Y16       BUFG (Prop_bufg_I_O)         0.026     1.101 r  clk_50mhz_IBUF_BUFG_inst/O
                         net (fo=58, routed)          0.586     1.687    u_counter/CLK
    SLICE_X83Y129        FDCE                                         r  u_counter/minute_ones_reg[0]/C
  -------------------------------------------------------------------    -------------------
    SLICE_X83Y129        FDCE (Prop_fdce_C_Q)         0.141     1.828 r  u_counter/minute_ones_reg[0]/Q
                         net (fo=12, routed)          0.252     2.080    u_counter/minute_ones_reg[0]
    SLICE_X81Y129        LUT4 (Prop_lut4_I2_O)        0.045     2.125 r  u_counter/minute_ones[1]_i_1/O
                         net (fo=1, routed)           0.000     2.125    u_counter/p_0_in__1[1]
    SLICE_X81Y129        FDCE                                         r  u_counter/minute_ones_reg[1]/D
  -------------------------------------------------------------------    -------------------

                         (clock clk_50mhz rise edge)
                                                      0.000     0.000 r  <hidden>
    B6                                                0.000     0.000 r  clk_50mhz
                         net (fo=0)                   0.000     0.000    clk_50mhz
    B6                   IBUF (Prop_ibuf_I_O)         0.456     0.456 r  clk_50mhz_IBUF_inst/O
                         net (fo=1, routed)           0.871     1.327    clk_50mhz_IBUF
    BUFGCTRL_X0Y16       BUFG (Prop_bufg_I_O)         0.029     1.356 r  clk_50mhz_IBUF_BUFG_inst/O
                         net (fo=58, routed)          0.855     2.210    u_counter/CLK
    SLICE_X81Y129        FDCE                                         r  u_counter/minute_ones_reg[1]/C
                         clock pessimism             -0.488     1.722    <hidden>
    SLICE_X81Y129        FDCE (Hold_fdce_C_D)         0.091     1.813    u_counter/minute_ones_reg[1]
  -------------------------------------------------------------------
                         required time                         -1.813    <hidden>
                         arrival time                           2.125    <hidden>
  -------------------------------------------------------------------
                         slack                                  0.312    <hidden>

Slack (MET) :             0.313ns  (arrival time - required time)
  Source:                 u_counter/minute_tens_reg[1]/C
                            (rising edge-triggered cell FDCE clocked by clk_50mhz  {rise@0.000ns fall@10.000ns period=20.000ns})
  Destination:            u_counter/minute_tens_reg[3]/D
                            (rising edge-triggered cell FDCE clocked by clk_50mhz  {rise@0.000ns fall@10.000ns period=20.000ns})
  Path Group:             clk_50mhz
  Path Type:              Hold (Min at Fast Process Corner)
  Requirement:            0.000ns  (clk_50mhz rise@0.000ns - clk_50mhz rise@0.000ns)
  Data Path Delay:        0.405ns  (logic 0.186ns (45.889%)  route 0.219ns (54.111%))
  Logic Levels:           1  (LUT4=1)
  Clock Path Skew:        0.000ns (DCD - SCD - CPR)
    Destination Clock Delay (DCD):    2.213ns
    Source Clock Delay      (SCD):    1.689ns
    Clock Pessimism Removal (CPR):    0.524ns

    Location             Delay type                Incr(ns)  Path(ns)    Netlist Resource(s)
  -------------------------------------------------------------------    -------------------
                         (clock clk_50mhz rise edge)
                                                      0.000     0.000 r  <hidden>
    B6                                                0.000     0.000 r  clk_50mhz
                         net (fo=0)                   0.000     0.000    clk_50mhz
    B6                   IBUF (Prop_ibuf_I_O)         0.268     0.268 r  clk_50mhz_IBUF_inst/O
                         net (fo=1, routed)           0.808     1.075    clk_50mhz_IBUF
    BUFGCTRL_X0Y16       BUFG (Prop_bufg_I_O)         0.026     1.101 r  clk_50mhz_IBUF_BUFG_inst/O
                         net (fo=58, routed)          0.588     1.689    u_counter/CLK
    SLICE_X82Y131        FDCE                                         r  u_counter/minute_tens_reg[1]/C
  -------------------------------------------------------------------    -------------------
    SLICE_X82Y131        FDCE (Prop_fdce_C_Q)         0.141     1.830 r  u_counter/minute_tens_reg[1]/Q
                         net (fo=14, routed)          0.219     2.049    u_counter/minute_tens_reg[1]
    SLICE_X82Y131        LUT4 (Prop_lut4_I3_O)        0.045     2.094 r  u_counter/minute_tens[3]_i_2/O
                         net (fo=1, routed)           0.000     2.094    u_counter/minute_tens[3]_i_2_n_0
    SLICE_X82Y131        FDCE                                         r  u_counter/minute_tens_reg[3]/D
  -------------------------------------------------------------------    -------------------

                         (clock clk_50mhz rise edge)
                                                      0.000     0.000 r  <hidden>
    B6                                                0.000     0.000 r  clk_50mhz
                         net (fo=0)                   0.000     0.000    clk_50mhz
    B6                   IBUF (Prop_ibuf_I_O)         0.456     0.456 r  clk_50mhz_IBUF_inst/O
                         net (fo=1, routed)           0.871     1.327    clk_50mhz_IBUF
    BUFGCTRL_X0Y16       BUFG (Prop_bufg_I_O)         0.029     1.356 r  clk_50mhz_IBUF_BUFG_inst/O
                         net (fo=58, routed)          0.858     2.213    u_counter/CLK
    SLICE_X82Y131        FDCE                                         r  u_counter/minute_tens_reg[3]/C
                         clock pessimism             -0.524     1.689    <hidden>
    SLICE_X82Y131        FDCE (Hold_fdce_C_D)         0.092     1.781    u_counter/minute_tens_reg[3]
  -------------------------------------------------------------------
                         required time                         -1.781    <hidden>
                         arrival time                           2.094    <hidden>
  -------------------------------------------------------------------
                         slack                                  0.313    <hidden>





Pulse Width Checks
--------------------------------------------------------------------------------------
Clock Name:         clk_50mhz
Waveform(ns):       { 0.000 10.000 }
Period(ns):         20.000
Sources:            { clk_50mhz }

Check Type        Corner  Lib Pin  Reference Pin  Required(ns)  Actual(ns)  Slack(ns)  Location        Pin
Min Period        n/a     BUFG/I   n/a            2.155         20.000      17.845     BUFGCTRL_X0Y16  clk_50mhz_IBUF_BUFG_inst/I
Min Period        n/a     FDCE/C   n/a            1.000         20.000      19.000     SLICE_X81Y127   scan_count_reg[0]/C
Min Period        n/a     FDCE/C   n/a            1.000         20.000      19.000     SLICE_X79Y130   scan_count_reg[10]/C
Min Period        n/a     FDCE/C   n/a            1.000         20.000      19.000     SLICE_X79Y130   scan_count_reg[11]/C
Min Period        n/a     FDCE/C   n/a            1.000         20.000      19.000     SLICE_X79Y130   scan_count_reg[12]/C
Min Period        n/a     FDCE/C   n/a            1.000         20.000      19.000     SLICE_X79Y130   scan_count_reg[13]/C
Min Period        n/a     FDCE/C   n/a            1.000         20.000      19.000     SLICE_X81Y127   scan_count_reg[1]/C
Min Period        n/a     FDCE/C   n/a            1.000         20.000      19.000     SLICE_X80Y127   scan_count_reg[2]/C
Min Period        n/a     FDCE/C   n/a            1.000         20.000      19.000     SLICE_X80Y127   scan_count_reg[3]/C
Min Period        n/a     FDCE/C   n/a            1.000         20.000      19.000     SLICE_X80Y127   scan_count_reg[4]/C
Low Pulse Width   Slow    FDCE/C   n/a            0.500         10.000      9.500      SLICE_X81Y127   scan_count_reg[0]/C
Low Pulse Width   Fast    FDCE/C   n/a            0.500         10.000      9.500      SLICE_X81Y127   scan_count_reg[0]/C
Low Pulse Width   Slow    FDCE/C   n/a            0.500         10.000      9.500      SLICE_X79Y130   scan_count_reg[10]/C
Low Pulse Width   Fast    FDCE/C   n/a            0.500         10.000      9.500      SLICE_X79Y130   scan_count_reg[10]/C
Low Pulse Width   Slow    FDCE/C   n/a            0.500         10.000      9.500      SLICE_X79Y130   scan_count_reg[11]/C
Low Pulse Width   Fast    FDCE/C   n/a            0.500         10.000      9.500      SLICE_X79Y130   scan_count_reg[11]/C
Low Pulse Width   Slow    FDCE/C   n/a            0.500         10.000      9.500      SLICE_X79Y130   scan_count_reg[12]/C
Low Pulse Width   Fast    FDCE/C   n/a            0.500         10.000      9.500      SLICE_X79Y130   scan_count_reg[12]/C
Low Pulse Width   Slow    FDCE/C   n/a            0.500         10.000      9.500      SLICE_X79Y130   scan_count_reg[13]/C
Low Pulse Width   Fast    FDCE/C   n/a            0.500         10.000      9.500      SLICE_X79Y130   scan_count_reg[13]/C
High Pulse Width  Slow    FDCE/C   n/a            0.500         10.000      9.500      SLICE_X81Y127   scan_count_reg[0]/C
High Pulse Width  Fast    FDCE/C   n/a            0.500         10.000      9.500      SLICE_X81Y127   scan_count_reg[0]/C
High Pulse Width  Slow    FDCE/C   n/a            0.500         10.000      9.500      SLICE_X79Y130   scan_count_reg[10]/C
High Pulse Width  Fast    FDCE/C   n/a            0.500         10.000      9.500      SLICE_X79Y130   scan_count_reg[10]/C
High Pulse Width  Slow    FDCE/C   n/a            0.500         10.000      9.500      SLICE_X79Y130   scan_count_reg[11]/C
High Pulse Width  Fast    FDCE/C   n/a            0.500         10.000      9.500      SLICE_X79Y130   scan_count_reg[11]/C
High Pulse Width  Slow    FDCE/C   n/a            0.500         10.000      9.500      SLICE_X79Y130   scan_count_reg[12]/C
High Pulse Width  Fast    FDCE/C   n/a            0.500         10.000      9.500      SLICE_X79Y130   scan_count_reg[12]/C
High Pulse Width  Slow    FDCE/C   n/a            0.500         10.000      9.500      SLICE_X79Y130   scan_count_reg[13]/C
High Pulse Width  Fast    FDCE/C   n/a            0.500         10.000      9.500      SLICE_X79Y130   scan_count_reg[13]/C



--------------------------------------------------------------------------------------
Path Group:  (none)
From Clock:  
  To Clock:  clk_50mhz

Max Delay            58 Endpoints
Min Delay            58 Endpoints
--------------------------------------------------------------------------------------


Max Delay Paths
--------------------------------------------------------------------------------------
Slack:                    inf
  Source:                 rst_p
                            (input port)
  Destination:            u_counter/minute_ones_reg[2]/CLR
                            (recovery check against rising-edge clock clk_50mhz  {rise@0.000ns fall@10.000ns period=20.000ns})
  Path Group:             (none)
  Path Type:              Recovery (Max at Slow Process Corner)
  Data Path Delay:        3.480ns  (logic 1.468ns (42.198%)  route 2.011ns (57.802%))
  Logic Levels:           1  (IBUF=1)
  Clock Path Skew:        5.285ns (DCD - SCD + CPR)
    Destination Clock Delay (DCD):    5.285ns
    Source Clock Delay      (SCD):    0.000ns
    Clock Pessimism Removal (CPR):    0.000ns
  Clock Uncertainty:      0.025ns  ((TSJ^2 + TIJ^2)^1/2 + DJ) / 2 + PE
    Total System Jitter     (TSJ):    0.050ns
    Total Input Jitter      (TIJ):    0.000ns
    Discrete Jitter          (DJ):    0.000ns
    Phase Error              (PE):    0.000ns
  Timing Exception:       False Path

    Location             Delay type                Incr(ns)  Path(ns)    Netlist Resource(s)
  -------------------------------------------------------------------    -------------------
    K4                                                0.000     0.000 f  rst_p
                         net (fo=0)                   0.000     0.000    rst_p
    K4                   IBUF (Prop_ibuf_I_O)         1.468     1.468 f  rst_p_IBUF_inst/O
                         net (fo=58, routed)          2.011     3.480    u_counter/AR[0]
    SLICE_X83Y130        FDCE                                         f  u_counter/minute_ones_reg[2]/CLR
  -------------------------------------------------------------------    -------------------

                         (clock clk_50mhz rise edge)
                                                      0.000     0.000 r  <hidden>
    B6                                                0.000     0.000 r  clk_50mhz
                         net (fo=0)                   0.000     0.000    clk_50mhz
    B6                   IBUF (Prop_ibuf_I_O)         1.429     1.429 r  clk_50mhz_IBUF_inst/O
                         net (fo=1, routed)           2.196     3.625    clk_50mhz_IBUF
    BUFGCTRL_X0Y16       BUFG (Prop_bufg_I_O)         0.091     3.716 r  clk_50mhz_IBUF_BUFG_inst/O
                         net (fo=58, routed)          1.569     5.285    u_counter/CLK
    SLICE_X83Y130        FDCE                                         r  u_counter/minute_ones_reg[2]/C

Slack:                    inf
  Source:                 rst_p
                            (input port)
  Destination:            u_counter/subsecond_reg[1]/CLR
                            (recovery check against rising-edge clock clk_50mhz  {rise@0.000ns fall@10.000ns period=20.000ns})
  Path Group:             (none)
  Path Type:              Recovery (Max at Slow Process Corner)
  Data Path Delay:        3.346ns  (logic 1.468ns (43.892%)  route 1.877ns (56.108%))
  Logic Levels:           1  (IBUF=1)
  Clock Path Skew:        5.280ns (DCD - SCD + CPR)
    Destination Clock Delay (DCD):    5.280ns
    Source Clock Delay      (SCD):    0.000ns
    Clock Pessimism Removal (CPR):    0.000ns
  Clock Uncertainty:      0.025ns  ((TSJ^2 + TIJ^2)^1/2 + DJ) / 2 + PE
    Total System Jitter     (TSJ):    0.050ns
    Total Input Jitter      (TIJ):    0.000ns
    Discrete Jitter          (DJ):    0.000ns
    Phase Error              (PE):    0.000ns
  Timing Exception:       False Path

    Location             Delay type                Incr(ns)  Path(ns)    Netlist Resource(s)
  -------------------------------------------------------------------    -------------------
    K4                                                0.000     0.000 f  rst_p
                         net (fo=0)                   0.000     0.000    rst_p
    K4                   IBUF (Prop_ibuf_I_O)         1.468     1.468 f  rst_p_IBUF_inst/O
                         net (fo=58, routed)          1.877     3.346    u_counter/AR[0]
    SLICE_X78Y123        FDCE                                         f  u_counter/subsecond_reg[1]/CLR
  -------------------------------------------------------------------    -------------------

                         (clock clk_50mhz rise edge)
                                                      0.000     0.000 r  <hidden>
    B6                                                0.000     0.000 r  clk_50mhz
                         net (fo=0)                   0.000     0.000    clk_50mhz
    B6                   IBUF (Prop_ibuf_I_O)         1.429     1.429 r  clk_50mhz_IBUF_inst/O
                         net (fo=1, routed)           2.196     3.625    clk_50mhz_IBUF
    BUFGCTRL_X0Y16       BUFG (Prop_bufg_I_O)         0.091     3.716 r  clk_50mhz_IBUF_BUFG_inst/O
                         net (fo=58, routed)          1.564     5.280    u_counter/CLK
    SLICE_X78Y123        FDCE                                         r  u_counter/subsecond_reg[1]/C

Slack:                    inf
  Source:                 rst_p
                            (input port)
  Destination:            u_counter/subsecond_reg[2]/CLR
                            (recovery check against rising-edge clock clk_50mhz  {rise@0.000ns fall@10.000ns period=20.000ns})
  Path Group:             (none)
  Path Type:              Recovery (Max at Slow Process Corner)
  Data Path Delay:        3.346ns  (logic 1.468ns (43.892%)  route 1.877ns (56.108%))
  Logic Levels:           1  (IBUF=1)
  Clock Path Skew:        5.280ns (DCD - SCD + CPR)
    Destination Clock Delay (DCD):    5.280ns
    Source Clock Delay      (SCD):    0.000ns
    Clock Pessimism Removal (CPR):    0.000ns
  Clock Uncertainty:      0.025ns  ((TSJ^2 + TIJ^2)^1/2 + DJ) / 2 + PE
    Total System Jitter     (TSJ):    0.050ns
    Total Input Jitter      (TIJ):    0.000ns
    Discrete Jitter          (DJ):    0.000ns
    Phase Error              (PE):    0.000ns
  Timing Exception:       False Path

    Location             Delay type                Incr(ns)  Path(ns)    Netlist Resource(s)
  -------------------------------------------------------------------    -------------------
    K4                                                0.000     0.000 f  rst_p
                         net (fo=0)                   0.000     0.000    rst_p
    K4                   IBUF (Prop_ibuf_I_O)         1.468     1.468 f  rst_p_IBUF_inst/O
                         net (fo=58, routed)          1.877     3.346    u_counter/AR[0]
    SLICE_X78Y123        FDCE                                         f  u_counter/subsecond_reg[2]/CLR
  -------------------------------------------------------------------    -------------------

                         (clock clk_50mhz rise edge)
                                                      0.000     0.000 r  <hidden>
    B6                                                0.000     0.000 r  clk_50mhz
                         net (fo=0)                   0.000     0.000    clk_50mhz
    B6                   IBUF (Prop_ibuf_I_O)         1.429     1.429 r  clk_50mhz_IBUF_inst/O
                         net (fo=1, routed)           2.196     3.625    clk_50mhz_IBUF
    BUFGCTRL_X0Y16       BUFG (Prop_bufg_I_O)         0.091     3.716 r  clk_50mhz_IBUF_BUFG_inst/O
                         net (fo=58, routed)          1.564     5.280    u_counter/CLK
    SLICE_X78Y123        FDCE                                         r  u_counter/subsecond_reg[2]/C

Slack:                    inf
  Source:                 rst_p
                            (input port)
  Destination:            u_counter/subsecond_reg[3]/CLR
                            (recovery check against rising-edge clock clk_50mhz  {rise@0.000ns fall@10.000ns period=20.000ns})
  Path Group:             (none)
  Path Type:              Recovery (Max at Slow Process Corner)
  Data Path Delay:        3.346ns  (logic 1.468ns (43.892%)  route 1.877ns (56.108%))
  Logic Levels:           1  (IBUF=1)
  Clock Path Skew:        5.280ns (DCD - SCD + CPR)
    Destination Clock Delay (DCD):    5.280ns
    Source Clock Delay      (SCD):    0.000ns
    Clock Pessimism Removal (CPR):    0.000ns
  Clock Uncertainty:      0.025ns  ((TSJ^2 + TIJ^2)^1/2 + DJ) / 2 + PE
    Total System Jitter     (TSJ):    0.050ns
    Total Input Jitter      (TIJ):    0.000ns
    Discrete Jitter          (DJ):    0.000ns
    Phase Error              (PE):    0.000ns
  Timing Exception:       False Path

    Location             Delay type                Incr(ns)  Path(ns)    Netlist Resource(s)
  -------------------------------------------------------------------    -------------------
    K4                                                0.000     0.000 f  rst_p
                         net (fo=0)                   0.000     0.000    rst_p
    K4                   IBUF (Prop_ibuf_I_O)         1.468     1.468 f  rst_p_IBUF_inst/O
                         net (fo=58, routed)          1.877     3.346    u_counter/AR[0]
    SLICE_X78Y123        FDCE                                         f  u_counter/subsecond_reg[3]/CLR
  -------------------------------------------------------------------    -------------------

                         (clock clk_50mhz rise edge)
                                                      0.000     0.000 r  <hidden>
    B6                                                0.000     0.000 r  clk_50mhz
                         net (fo=0)                   0.000     0.000    clk_50mhz
    B6                   IBUF (Prop_ibuf_I_O)         1.429     1.429 r  clk_50mhz_IBUF_inst/O
                         net (fo=1, routed)           2.196     3.625    clk_50mhz_IBUF
    BUFGCTRL_X0Y16       BUFG (Prop_bufg_I_O)         0.091     3.716 r  clk_50mhz_IBUF_BUFG_inst/O
                         net (fo=58, routed)          1.564     5.280    u_counter/CLK
    SLICE_X78Y123        FDCE                                         r  u_counter/subsecond_reg[3]/C

Slack:                    inf
  Source:                 rst_p
                            (input port)
  Destination:            u_counter/subsecond_reg[4]/CLR
                            (recovery check against rising-edge clock clk_50mhz  {rise@0.000ns fall@10.000ns period=20.000ns})
  Path Group:             (none)
  Path Type:              Recovery (Max at Slow Process Corner)
  Data Path Delay:        3.253ns  (logic 1.468ns (45.134%)  route 1.785ns (54.866%))
  Logic Levels:           1  (IBUF=1)
  Clock Path Skew:        5.278ns (DCD - SCD + CPR)
    Destination Clock Delay (DCD):    5.278ns
    Source Clock Delay      (SCD):    0.000ns
    Clock Pessimism Removal (CPR):    0.000ns
  Clock Uncertainty:      0.025ns  ((TSJ^2 + TIJ^2)^1/2 + DJ) / 2 + PE
    Total System Jitter     (TSJ):    0.050ns
    Total Input Jitter      (TIJ):    0.000ns
    Discrete Jitter          (DJ):    0.000ns
    Phase Error              (PE):    0.000ns
  Timing Exception:       False Path

    Location             Delay type                Incr(ns)  Path(ns)    Netlist Resource(s)
  -------------------------------------------------------------------    -------------------
    K4                                                0.000     0.000 f  rst_p
                         net (fo=0)                   0.000     0.000    rst_p
    K4                   IBUF (Prop_ibuf_I_O)         1.468     1.468 f  rst_p_IBUF_inst/O
                         net (fo=58, routed)          1.785     3.253    u_counter/AR[0]
    SLICE_X78Y124        FDCE                                         f  u_counter/subsecond_reg[4]/CLR
  -------------------------------------------------------------------    -------------------

                         (clock clk_50mhz rise edge)
                                                      0.000     0.000 r  <hidden>
    B6                                                0.000     0.000 r  clk_50mhz
                         net (fo=0)                   0.000     0.000    clk_50mhz
    B6                   IBUF (Prop_ibuf_I_O)         1.429     1.429 r  clk_50mhz_IBUF_inst/O
                         net (fo=1, routed)           2.196     3.625    clk_50mhz_IBUF
    BUFGCTRL_X0Y16       BUFG (Prop_bufg_I_O)         0.091     3.716 r  clk_50mhz_IBUF_BUFG_inst/O
                         net (fo=58, routed)          1.562     5.278    u_counter/CLK
    SLICE_X78Y124        FDCE                                         r  u_counter/subsecond_reg[4]/C

Slack:                    inf
  Source:                 rst_p
                            (input port)
  Destination:            u_counter/subsecond_reg[5]/CLR
                            (recovery check against rising-edge clock clk_50mhz  {rise@0.000ns fall@10.000ns period=20.000ns})
  Path Group:             (none)
  Path Type:              Recovery (Max at Slow Process Corner)
  Data Path Delay:        3.253ns  (logic 1.468ns (45.134%)  route 1.785ns (54.866%))
  Logic Levels:           1  (IBUF=1)
  Clock Path Skew:        5.278ns (DCD - SCD + CPR)
    Destination Clock Delay (DCD):    5.278ns
    Source Clock Delay      (SCD):    0.000ns
    Clock Pessimism Removal (CPR):    0.000ns
  Clock Uncertainty:      0.025ns  ((TSJ^2 + TIJ^2)^1/2 + DJ) / 2 + PE
    Total System Jitter     (TSJ):    0.050ns
    Total Input Jitter      (TIJ):    0.000ns
    Discrete Jitter          (DJ):    0.000ns
    Phase Error              (PE):    0.000ns
  Timing Exception:       False Path

    Location             Delay type                Incr(ns)  Path(ns)    Netlist Resource(s)
  -------------------------------------------------------------------    -------------------
    K4                                                0.000     0.000 f  rst_p
                         net (fo=0)                   0.000     0.000    rst_p
    K4                   IBUF (Prop_ibuf_I_O)         1.468     1.468 f  rst_p_IBUF_inst/O
                         net (fo=58, routed)          1.785     3.253    u_counter/AR[0]
    SLICE_X78Y124        FDCE                                         f  u_counter/subsecond_reg[5]/CLR
  -------------------------------------------------------------------    -------------------

                         (clock clk_50mhz rise edge)
                                                      0.000     0.000 r  <hidden>
    B6                                                0.000     0.000 r  clk_50mhz
                         net (fo=0)                   0.000     0.000    clk_50mhz
    B6                   IBUF (Prop_ibuf_I_O)         1.429     1.429 r  clk_50mhz_IBUF_inst/O
                         net (fo=1, routed)           2.196     3.625    clk_50mhz_IBUF
    BUFGCTRL_X0Y16       BUFG (Prop_bufg_I_O)         0.091     3.716 r  clk_50mhz_IBUF_BUFG_inst/O
                         net (fo=58, routed)          1.562     5.278    u_counter/CLK
    SLICE_X78Y124        FDCE                                         r  u_counter/subsecond_reg[5]/C

Slack:                    inf
  Source:                 rst_p
                            (input port)
  Destination:            u_counter/subsecond_reg[7]/CLR
                            (recovery check against rising-edge clock clk_50mhz  {rise@0.000ns fall@10.000ns period=20.000ns})
  Path Group:             (none)
  Path Type:              Recovery (Max at Slow Process Corner)
  Data Path Delay:        3.253ns  (logic 1.468ns (45.134%)  route 1.785ns (54.866%))
  Logic Levels:           1  (IBUF=1)
  Clock Path Skew:        5.278ns (DCD - SCD + CPR)
    Destination Clock Delay (DCD):    5.278ns
    Source Clock Delay      (SCD):    0.000ns
    Clock Pessimism Removal (CPR):    0.000ns
  Clock Uncertainty:      0.025ns  ((TSJ^2 + TIJ^2)^1/2 + DJ) / 2 + PE
    Total System Jitter     (TSJ):    0.050ns
    Total Input Jitter      (TIJ):    0.000ns
    Discrete Jitter          (DJ):    0.000ns
    Phase Error              (PE):    0.000ns
  Timing Exception:       False Path

    Location             Delay type                Incr(ns)  Path(ns)    Netlist Resource(s)
  -------------------------------------------------------------------    -------------------
    K4                                                0.000     0.000 f  rst_p
                         net (fo=0)                   0.000     0.000    rst_p
    K4                   IBUF (Prop_ibuf_I_O)         1.468     1.468 f  rst_p_IBUF_inst/O
                         net (fo=58, routed)          1.785     3.253    u_counter/AR[0]
    SLICE_X78Y124        FDCE                                         f  u_counter/subsecond_reg[7]/CLR
  -------------------------------------------------------------------    -------------------

                         (clock clk_50mhz rise edge)
                                                      0.000     0.000 r  <hidden>
    B6                                                0.000     0.000 r  clk_50mhz
                         net (fo=0)                   0.000     0.000    clk_50mhz
    B6                   IBUF (Prop_ibuf_I_O)         1.429     1.429 r  clk_50mhz_IBUF_inst/O
                         net (fo=1, routed)           2.196     3.625    clk_50mhz_IBUF
    BUFGCTRL_X0Y16       BUFG (Prop_bufg_I_O)         0.091     3.716 r  clk_50mhz_IBUF_BUFG_inst/O
                         net (fo=58, routed)          1.562     5.278    u_counter/CLK
    SLICE_X78Y124        FDCE                                         r  u_counter/subsecond_reg[7]/C

Slack:                    inf
  Source:                 rst_p
                            (input port)
  Destination:            u_counter/subsecond_reg[8]/CLR
                            (recovery check against rising-edge clock clk_50mhz  {rise@0.000ns fall@10.000ns period=20.000ns})
  Path Group:             (none)
  Path Type:              Recovery (Max at Slow Process Corner)
  Data Path Delay:        3.253ns  (logic 1.468ns (45.134%)  route 1.785ns (54.866%))
  Logic Levels:           1  (IBUF=1)
  Clock Path Skew:        5.278ns (DCD - SCD + CPR)
    Destination Clock Delay (DCD):    5.278ns
    Source Clock Delay      (SCD):    0.000ns
    Clock Pessimism Removal (CPR):    0.000ns
  Clock Uncertainty:      0.025ns  ((TSJ^2 + TIJ^2)^1/2 + DJ) / 2 + PE
    Total System Jitter     (TSJ):    0.050ns
    Total Input Jitter      (TIJ):    0.000ns
    Discrete Jitter          (DJ):    0.000ns
    Phase Error              (PE):    0.000ns
  Timing Exception:       False Path

    Location             Delay type                Incr(ns)  Path(ns)    Netlist Resource(s)
  -------------------------------------------------------------------    -------------------
    K4                                                0.000     0.000 f  rst_p
                         net (fo=0)                   0.000     0.000    rst_p
    K4                   IBUF (Prop_ibuf_I_O)         1.468     1.468 f  rst_p_IBUF_inst/O
                         net (fo=58, routed)          1.785     3.253    u_counter/AR[0]
    SLICE_X78Y124        FDCE                                         f  u_counter/subsecond_reg[8]/CLR
  -------------------------------------------------------------------    -------------------

                         (clock clk_50mhz rise edge)
                                                      0.000     0.000 r  <hidden>
    B6                                                0.000     0.000 r  clk_50mhz
                         net (fo=0)                   0.000     0.000    clk_50mhz
    B6                   IBUF (Prop_ibuf_I_O)         1.429     1.429 r  clk_50mhz_IBUF_inst/O
                         net (fo=1, routed)           2.196     3.625    clk_50mhz_IBUF
    BUFGCTRL_X0Y16       BUFG (Prop_bufg_I_O)         0.091     3.716 r  clk_50mhz_IBUF_BUFG_inst/O
                         net (fo=58, routed)          1.562     5.278    u_counter/CLK
    SLICE_X78Y124        FDCE                                         r  u_counter/subsecond_reg[8]/C

Slack:                    inf
  Source:                 rst_p
                            (input port)
  Destination:            u_counter/subsecond_reg[11]/CLR
                            (recovery check against rising-edge clock clk_50mhz  {rise@0.000ns fall@10.000ns period=20.000ns})
  Path Group:             (none)
  Path Type:              Recovery (Max at Slow Process Corner)
  Data Path Delay:        3.240ns  (logic 1.468ns (45.325%)  route 1.771ns (54.675%))
  Logic Levels:           1  (IBUF=1)
  Clock Path Skew:        5.278ns (DCD - SCD + CPR)
    Destination Clock Delay (DCD):    5.278ns
    Source Clock Delay      (SCD):    0.000ns
    Clock Pessimism Removal (CPR):    0.000ns
  Clock Uncertainty:      0.025ns  ((TSJ^2 + TIJ^2)^1/2 + DJ) / 2 + PE
    Total System Jitter     (TSJ):    0.050ns
    Total Input Jitter      (TIJ):    0.000ns
    Discrete Jitter          (DJ):    0.000ns
    Phase Error              (PE):    0.000ns
  Timing Exception:       False Path

    Location             Delay type                Incr(ns)  Path(ns)    Netlist Resource(s)
  -------------------------------------------------------------------    -------------------
    K4                                                0.000     0.000 f  rst_p
                         net (fo=0)                   0.000     0.000    rst_p
    K4                   IBUF (Prop_ibuf_I_O)         1.468     1.468 f  rst_p_IBUF_inst/O
                         net (fo=58, routed)          1.771     3.240    u_counter/AR[0]
    SLICE_X78Y125        FDCE                                         f  u_counter/subsecond_reg[11]/CLR
  -------------------------------------------------------------------    -------------------

                         (clock clk_50mhz rise edge)
                                                      0.000     0.000 r  <hidden>
    B6                                                0.000     0.000 r  clk_50mhz
                         net (fo=0)                   0.000     0.000    clk_50mhz
    B6                   IBUF (Prop_ibuf_I_O)         1.429     1.429 r  clk_50mhz_IBUF_inst/O
                         net (fo=1, routed)           2.196     3.625    clk_50mhz_IBUF
    BUFGCTRL_X0Y16       BUFG (Prop_bufg_I_O)         0.091     3.716 r  clk_50mhz_IBUF_BUFG_inst/O
                         net (fo=58, routed)          1.562     5.278    u_counter/CLK
    SLICE_X78Y125        FDCE                                         r  u_counter/subsecond_reg[11]/C

Slack:                    inf
  Source:                 rst_p
                            (input port)
  Destination:            u_counter/subsecond_reg[12]/CLR
                            (recovery check against rising-edge clock clk_50mhz  {rise@0.000ns fall@10.000ns period=20.000ns})
  Path Group:             (none)
  Path Type:              Recovery (Max at Slow Process Corner)
  Data Path Delay:        3.240ns  (logic 1.468ns (45.325%)  route 1.771ns (54.675%))
  Logic Levels:           1  (IBUF=1)
  Clock Path Skew:        5.278ns (DCD - SCD + CPR)
    Destination Clock Delay (DCD):    5.278ns
    Source Clock Delay      (SCD):    0.000ns
    Clock Pessimism Removal (CPR):    0.000ns
  Clock Uncertainty:      0.025ns  ((TSJ^2 + TIJ^2)^1/2 + DJ) / 2 + PE
    Total System Jitter     (TSJ):    0.050ns
    Total Input Jitter      (TIJ):    0.000ns
    Discrete Jitter          (DJ):    0.000ns
    Phase Error              (PE):    0.000ns
  Timing Exception:       False Path

    Location             Delay type                Incr(ns)  Path(ns)    Netlist Resource(s)
  -------------------------------------------------------------------    -------------------
    K4                                                0.000     0.000 f  rst_p
                         net (fo=0)                   0.000     0.000    rst_p
    K4                   IBUF (Prop_ibuf_I_O)         1.468     1.468 f  rst_p_IBUF_inst/O
                         net (fo=58, routed)          1.771     3.240    u_counter/AR[0]
    SLICE_X78Y125        FDCE                                         f  u_counter/subsecond_reg[12]/CLR
  -------------------------------------------------------------------    -------------------

                         (clock clk_50mhz rise edge)
                                                      0.000     0.000 r  <hidden>
    B6                                                0.000     0.000 r  clk_50mhz
                         net (fo=0)                   0.000     0.000    clk_50mhz
    B6                   IBUF (Prop_ibuf_I_O)         1.429     1.429 r  clk_50mhz_IBUF_inst/O
                         net (fo=1, routed)           2.196     3.625    clk_50mhz_IBUF
    BUFGCTRL_X0Y16       BUFG (Prop_bufg_I_O)         0.091     3.716 r  clk_50mhz_IBUF_BUFG_inst/O
                         net (fo=58, routed)          1.562     5.278    u_counter/CLK
    SLICE_X78Y125        FDCE                                         r  u_counter/subsecond_reg[12]/C





Min Delay Paths
--------------------------------------------------------------------------------------
Slack:                    inf
  Source:                 rst_p
                            (input port)
  Destination:            u_counter/minute_ones_reg[0]/CLR
                            (removal check against rising-edge clock clk_50mhz  {rise@0.000ns fall@10.000ns period=20.000ns})
  Path Group:             (none)
  Path Type:              Removal (Min at Fast Process Corner)
  Data Path Delay:        0.608ns  (logic 0.236ns (38.869%)  route 0.372ns (61.131%))
  Logic Levels:           1  (IBUF=1)
  Clock Path Skew:        2.211ns (DCD - SCD - CPR)
    Destination Clock Delay (DCD):    2.211ns
    Source Clock Delay      (SCD):    0.000ns
    Clock Pessimism Removal (CPR):    -0.000ns
  Timing Exception:       False Path

    Location             Delay type                Incr(ns)  Path(ns)    Netlist Resource(s)
  -------------------------------------------------------------------    -------------------
    K4                                                0.000     0.000 f  rst_p
                         net (fo=0)                   0.000     0.000    rst_p
    K4                   IBUF (Prop_ibuf_I_O)         0.236     0.236 f  rst_p_IBUF_inst/O
                         net (fo=58, routed)          0.372     0.608    u_counter/AR[0]
    SLICE_X83Y129        FDCE                                         f  u_counter/minute_ones_reg[0]/CLR
  -------------------------------------------------------------------    -------------------

                         (clock clk_50mhz rise edge)
                                                      0.000     0.000 r  <hidden>
    B6                                                0.000     0.000 r  clk_50mhz
                         net (fo=0)                   0.000     0.000    clk_50mhz
    B6                   IBUF (Prop_ibuf_I_O)         0.456     0.456 r  clk_50mhz_IBUF_inst/O
                         net (fo=1, routed)           0.871     1.327    clk_50mhz_IBUF
    BUFGCTRL_X0Y16       BUFG (Prop_bufg_I_O)         0.029     1.356 r  clk_50mhz_IBUF_BUFG_inst/O
                         net (fo=58, routed)          0.855     2.211    u_counter/CLK
    SLICE_X83Y129        FDCE                                         r  u_counter/minute_ones_reg[0]/C

Slack:                    inf
  Source:                 rst_p
                            (input port)
  Destination:            u_counter/second_ones_reg[1]/CLR
                            (removal check against rising-edge clock clk_50mhz  {rise@0.000ns fall@10.000ns period=20.000ns})
  Path Group:             (none)
  Path Type:              Removal (Min at Fast Process Corner)
  Data Path Delay:        0.612ns  (logic 0.236ns (38.593%)  route 0.376ns (61.407%))
  Logic Levels:           1  (IBUF=1)
  Clock Path Skew:        2.211ns (DCD - SCD - CPR)
    Destination Clock Delay (DCD):    2.211ns
    Source Clock Delay      (SCD):    0.000ns
    Clock Pessimism Removal (CPR):    -0.000ns
  Timing Exception:       False Path

    Location             Delay type                Incr(ns)  Path(ns)    Netlist Resource(s)
  -------------------------------------------------------------------    -------------------
    K4                                                0.000     0.000 f  rst_p
                         net (fo=0)                   0.000     0.000    rst_p
    K4                   IBUF (Prop_ibuf_I_O)         0.236     0.236 f  rst_p_IBUF_inst/O
                         net (fo=58, routed)          0.376     0.612    u_counter/AR[0]
    SLICE_X82Y129        FDCE                                         f  u_counter/second_ones_reg[1]/CLR
  -------------------------------------------------------------------    -------------------

                         (clock clk_50mhz rise edge)
                                                      0.000     0.000 r  <hidden>
    B6                                                0.000     0.000 r  clk_50mhz
                         net (fo=0)                   0.000     0.000    clk_50mhz
    B6                   IBUF (Prop_ibuf_I_O)         0.456     0.456 r  clk_50mhz_IBUF_inst/O
                         net (fo=1, routed)           0.871     1.327    clk_50mhz_IBUF
    BUFGCTRL_X0Y16       BUFG (Prop_bufg_I_O)         0.029     1.356 r  clk_50mhz_IBUF_BUFG_inst/O
                         net (fo=58, routed)          0.855     2.211    u_counter/CLK
    SLICE_X82Y129        FDCE                                         r  u_counter/second_ones_reg[1]/C

Slack:                    inf
  Source:                 rst_p
                            (input port)
  Destination:            u_counter/second_ones_reg[2]/CLR
                            (removal check against rising-edge clock clk_50mhz  {rise@0.000ns fall@10.000ns period=20.000ns})
  Path Group:             (none)
  Path Type:              Removal (Min at Fast Process Corner)
  Data Path Delay:        0.612ns  (logic 0.236ns (38.593%)  route 0.376ns (61.407%))
  Logic Levels:           1  (IBUF=1)
  Clock Path Skew:        2.211ns (DCD - SCD - CPR)
    Destination Clock Delay (DCD):    2.211ns
    Source Clock Delay      (SCD):    0.000ns
    Clock Pessimism Removal (CPR):    -0.000ns
  Timing Exception:       False Path

    Location             Delay type                Incr(ns)  Path(ns)    Netlist Resource(s)
  -------------------------------------------------------------------    -------------------
    K4                                                0.000     0.000 f  rst_p
                         net (fo=0)                   0.000     0.000    rst_p
    K4                   IBUF (Prop_ibuf_I_O)         0.236     0.236 f  rst_p_IBUF_inst/O
                         net (fo=58, routed)          0.376     0.612    u_counter/AR[0]
    SLICE_X82Y129        FDCE                                         f  u_counter/second_ones_reg[2]/CLR
  -------------------------------------------------------------------    -------------------

                         (clock clk_50mhz rise edge)
                                                      0.000     0.000 r  <hidden>
    B6                                                0.000     0.000 r  clk_50mhz
                         net (fo=0)                   0.000     0.000    clk_50mhz
    B6                   IBUF (Prop_ibuf_I_O)         0.456     0.456 r  clk_50mhz_IBUF_inst/O
                         net (fo=1, routed)           0.871     1.327    clk_50mhz_IBUF
    BUFGCTRL_X0Y16       BUFG (Prop_bufg_I_O)         0.029     1.356 r  clk_50mhz_IBUF_BUFG_inst/O
                         net (fo=58, routed)          0.855     2.211    u_counter/CLK
    SLICE_X82Y129        FDCE                                         r  u_counter/second_ones_reg[2]/C

Slack:                    inf
  Source:                 rst_p
                            (input port)
  Destination:            u_counter/second_ones_reg[3]/CLR
                            (removal check against rising-edge clock clk_50mhz  {rise@0.000ns fall@10.000ns period=20.000ns})
  Path Group:             (none)
  Path Type:              Removal (Min at Fast Process Corner)
  Data Path Delay:        0.612ns  (logic 0.236ns (38.593%)  route 0.376ns (61.407%))
  Logic Levels:           1  (IBUF=1)
  Clock Path Skew:        2.211ns (DCD - SCD - CPR)
    Destination Clock Delay (DCD):    2.211ns
    Source Clock Delay      (SCD):    0.000ns
    Clock Pessimism Removal (CPR):    -0.000ns
  Timing Exception:       False Path

    Location             Delay type                Incr(ns)  Path(ns)    Netlist Resource(s)
  -------------------------------------------------------------------    -------------------
    K4                                                0.000     0.000 f  rst_p
                         net (fo=0)                   0.000     0.000    rst_p
    K4                   IBUF (Prop_ibuf_I_O)         0.236     0.236 f  rst_p_IBUF_inst/O
                         net (fo=58, routed)          0.376     0.612    u_counter/AR[0]
    SLICE_X82Y129        FDCE                                         f  u_counter/second_ones_reg[3]/CLR
  -------------------------------------------------------------------    -------------------

                         (clock clk_50mhz rise edge)
                                                      0.000     0.000 r  <hidden>
    B6                                                0.000     0.000 r  clk_50mhz
                         net (fo=0)                   0.000     0.000    clk_50mhz
    B6                   IBUF (Prop_ibuf_I_O)         0.456     0.456 r  clk_50mhz_IBUF_inst/O
                         net (fo=1, routed)           0.871     1.327    clk_50mhz_IBUF
    BUFGCTRL_X0Y16       BUFG (Prop_bufg_I_O)         0.029     1.356 r  clk_50mhz_IBUF_BUFG_inst/O
                         net (fo=58, routed)          0.855     2.211    u_counter/CLK
    SLICE_X82Y129        FDCE                                         r  u_counter/second_ones_reg[3]/C

Slack:                    inf
  Source:                 rst_p
                            (input port)
  Destination:            u_counter/second_tens_reg[1]/CLR
                            (removal check against rising-edge clock clk_50mhz  {rise@0.000ns fall@10.000ns period=20.000ns})
  Path Group:             (none)
  Path Type:              Removal (Min at Fast Process Corner)
  Data Path Delay:        0.670ns  (logic 0.236ns (35.282%)  route 0.434ns (64.718%))
  Logic Levels:           1  (IBUF=1)
  Clock Path Skew:        2.210ns (DCD - SCD - CPR)
    Destination Clock Delay (DCD):    2.210ns
    Source Clock Delay      (SCD):    0.000ns
    Clock Pessimism Removal (CPR):    -0.000ns
  Timing Exception:       False Path

    Location             Delay type                Incr(ns)  Path(ns)    Netlist Resource(s)
  -------------------------------------------------------------------    -------------------
    K4                                                0.000     0.000 f  rst_p
                         net (fo=0)                   0.000     0.000    rst_p
    K4                   IBUF (Prop_ibuf_I_O)         0.236     0.236 f  rst_p_IBUF_inst/O
                         net (fo=58, routed)          0.434     0.670    u_counter/AR[0]
    SLICE_X83Y128        FDCE                                         f  u_counter/second_tens_reg[1]/CLR
  -------------------------------------------------------------------    -------------------

                         (clock clk_50mhz rise edge)
                                                      0.000     0.000 r  <hidden>
    B6                                                0.000     0.000 r  clk_50mhz
                         net (fo=0)                   0.000     0.000    clk_50mhz
    B6                   IBUF (Prop_ibuf_I_O)         0.456     0.456 r  clk_50mhz_IBUF_inst/O
                         net (fo=1, routed)           0.871     1.327    clk_50mhz_IBUF
    BUFGCTRL_X0Y16       BUFG (Prop_bufg_I_O)         0.029     1.356 r  clk_50mhz_IBUF_BUFG_inst/O
                         net (fo=58, routed)          0.855     2.210    u_counter/CLK
    SLICE_X83Y128        FDCE                                         r  u_counter/second_tens_reg[1]/C

Slack:                    inf
  Source:                 rst_p
                            (input port)
  Destination:            u_counter/second_tens_reg[3]/CLR
                            (removal check against rising-edge clock clk_50mhz  {rise@0.000ns fall@10.000ns period=20.000ns})
  Path Group:             (none)
  Path Type:              Removal (Min at Fast Process Corner)
  Data Path Delay:        0.670ns  (logic 0.236ns (35.282%)  route 0.434ns (64.718%))
  Logic Levels:           1  (IBUF=1)
  Clock Path Skew:        2.210ns (DCD - SCD - CPR)
    Destination Clock Delay (DCD):    2.210ns
    Source Clock Delay      (SCD):    0.000ns
    Clock Pessimism Removal (CPR):    -0.000ns
  Timing Exception:       False Path

    Location             Delay type                Incr(ns)  Path(ns)    Netlist Resource(s)
  -------------------------------------------------------------------    -------------------
    K4                                                0.000     0.000 f  rst_p
                         net (fo=0)                   0.000     0.000    rst_p
    K4                   IBUF (Prop_ibuf_I_O)         0.236     0.236 f  rst_p_IBUF_inst/O
                         net (fo=58, routed)          0.434     0.670    u_counter/AR[0]
    SLICE_X83Y128        FDCE                                         f  u_counter/second_tens_reg[3]/CLR
  -------------------------------------------------------------------    -------------------

                         (clock clk_50mhz rise edge)
                                                      0.000     0.000 r  <hidden>
    B6                                                0.000     0.000 r  clk_50mhz
                         net (fo=0)                   0.000     0.000    clk_50mhz
    B6                   IBUF (Prop_ibuf_I_O)         0.456     0.456 r  clk_50mhz_IBUF_inst/O
                         net (fo=1, routed)           0.871     1.327    clk_50mhz_IBUF
    BUFGCTRL_X0Y16       BUFG (Prop_bufg_I_O)         0.029     1.356 r  clk_50mhz_IBUF_BUFG_inst/O
                         net (fo=58, routed)          0.855     2.210    u_counter/CLK
    SLICE_X83Y128        FDCE                                         r  u_counter/second_tens_reg[3]/C

Slack:                    inf
  Source:                 rst_p
                            (input port)
  Destination:            scan_select_reg[0]/CLR
                            (removal check against rising-edge clock clk_50mhz  {rise@0.000ns fall@10.000ns period=20.000ns})
  Path Group:             (none)
  Path Type:              Removal (Min at Fast Process Corner)
  Data Path Delay:        0.674ns  (logic 0.236ns (35.054%)  route 0.438ns (64.946%))
  Logic Levels:           1  (IBUF=1)
  Clock Path Skew:        2.210ns (DCD - SCD - CPR)
    Destination Clock Delay (DCD):    2.210ns
    Source Clock Delay      (SCD):    0.000ns
    Clock Pessimism Removal (CPR):    -0.000ns
  Timing Exception:       False Path

    Location             Delay type                Incr(ns)  Path(ns)    Netlist Resource(s)
  -------------------------------------------------------------------    -------------------
    K4                                                0.000     0.000 f  rst_p
                         net (fo=0)                   0.000     0.000    rst_p
    K4                   IBUF (Prop_ibuf_I_O)         0.236     0.236 f  rst_p_IBUF_inst/O
                         net (fo=58, routed)          0.438     0.674    rst_p_IBUF
    SLICE_X82Y128        FDCE                                         f  scan_select_reg[0]/CLR
  -------------------------------------------------------------------    -------------------

                         (clock clk_50mhz rise edge)
                                                      0.000     0.000 r  <hidden>
    B6                                                0.000     0.000 r  clk_50mhz
                         net (fo=0)                   0.000     0.000    clk_50mhz
    B6                   IBUF (Prop_ibuf_I_O)         0.456     0.456 r  clk_50mhz_IBUF_inst/O
                         net (fo=1, routed)           0.871     1.327    clk_50mhz_IBUF
    BUFGCTRL_X0Y16       BUFG (Prop_bufg_I_O)         0.029     1.356 r  clk_50mhz_IBUF_BUFG_inst/O
                         net (fo=58, routed)          0.855     2.210    clk_50mhz_IBUF_BUFG
    SLICE_X82Y128        FDCE                                         r  scan_select_reg[0]/C

Slack:                    inf
  Source:                 rst_p
                            (input port)
  Destination:            scan_select_reg[1]/CLR
                            (removal check against rising-edge clock clk_50mhz  {rise@0.000ns fall@10.000ns period=20.000ns})
  Path Group:             (none)
  Path Type:              Removal (Min at Fast Process Corner)
  Data Path Delay:        0.674ns  (logic 0.236ns (35.054%)  route 0.438ns (64.946%))
  Logic Levels:           1  (IBUF=1)
  Clock Path Skew:        2.210ns (DCD - SCD - CPR)
    Destination Clock Delay (DCD):    2.210ns
    Source Clock Delay      (SCD):    0.000ns
    Clock Pessimism Removal (CPR):    -0.000ns
  Timing Exception:       False Path

    Location             Delay type                Incr(ns)  Path(ns)    Netlist Resource(s)
  -------------------------------------------------------------------    -------------------
    K4                                                0.000     0.000 f  rst_p
                         net (fo=0)                   0.000     0.000    rst_p
    K4                   IBUF (Prop_ibuf_I_O)         0.236     0.236 f  rst_p_IBUF_inst/O
                         net (fo=58, routed)          0.438     0.674    rst_p_IBUF
    SLICE_X82Y128        FDCE                                         f  scan_select_reg[1]/CLR
  -------------------------------------------------------------------    -------------------

                         (clock clk_50mhz rise edge)
                                                      0.000     0.000 r  <hidden>
    B6                                                0.000     0.000 r  clk_50mhz
                         net (fo=0)                   0.000     0.000    clk_50mhz
    B6                   IBUF (Prop_ibuf_I_O)         0.456     0.456 r  clk_50mhz_IBUF_inst/O
                         net (fo=1, routed)           0.871     1.327    clk_50mhz_IBUF
    BUFGCTRL_X0Y16       BUFG (Prop_bufg_I_O)         0.029     1.356 r  clk_50mhz_IBUF_BUFG_inst/O
                         net (fo=58, routed)          0.855     2.210    clk_50mhz_IBUF_BUFG
    SLICE_X82Y128        FDCE                                         r  scan_select_reg[1]/C

Slack:                    inf
  Source:                 rst_p
                            (input port)
  Destination:            u_counter/minute_ones_reg[1]/CLR
                            (removal check against rising-edge clock clk_50mhz  {rise@0.000ns fall@10.000ns period=20.000ns})
  Path Group:             (none)
  Path Type:              Removal (Min at Fast Process Corner)
  Data Path Delay:        0.754ns  (logic 0.236ns (31.361%)  route 0.517ns (68.639%))
  Logic Levels:           1  (IBUF=1)
  Clock Path Skew:        2.210ns (DCD - SCD - CPR)
    Destination Clock Delay (DCD):    2.210ns
    Source Clock Delay      (SCD):    0.000ns
    Clock Pessimism Removal (CPR):    -0.000ns
  Timing Exception:       False Path

    Location             Delay type                Incr(ns)  Path(ns)    Netlist Resource(s)
  -------------------------------------------------------------------    -------------------
    K4                                                0.000     0.000 f  rst_p
                         net (fo=0)                   0.000     0.000    rst_p
    K4                   IBUF (Prop_ibuf_I_O)         0.236     0.236 f  rst_p_IBUF_inst/O
                         net (fo=58, routed)          0.517     0.754    u_counter/AR[0]
    SLICE_X81Y129        FDCE                                         f  u_counter/minute_ones_reg[1]/CLR
  -------------------------------------------------------------------    -------------------

                         (clock clk_50mhz rise edge)
                                                      0.000     0.000 r  <hidden>
    B6                                                0.000     0.000 r  clk_50mhz
                         net (fo=0)                   0.000     0.000    clk_50mhz
    B6                   IBUF (Prop_ibuf_I_O)         0.456     0.456 r  clk_50mhz_IBUF_inst/O
                         net (fo=1, routed)           0.871     1.327    clk_50mhz_IBUF
    BUFGCTRL_X0Y16       BUFG (Prop_bufg_I_O)         0.029     1.356 r  clk_50mhz_IBUF_BUFG_inst/O
                         net (fo=58, routed)          0.855     2.210    u_counter/CLK
    SLICE_X81Y129        FDCE                                         r  u_counter/minute_ones_reg[1]/C

Slack:                    inf
  Source:                 rst_p
                            (input port)
  Destination:            u_counter/minute_ones_reg[3]/CLR
                            (removal check against rising-edge clock clk_50mhz  {rise@0.000ns fall@10.000ns period=20.000ns})
  Path Group:             (none)
  Path Type:              Removal (Min at Fast Process Corner)
  Data Path Delay:        0.754ns  (logic 0.236ns (31.361%)  route 0.517ns (68.639%))
  Logic Levels:           1  (IBUF=1)
  Clock Path Skew:        2.210ns (DCD - SCD - CPR)
    Destination Clock Delay (DCD):    2.210ns
    Source Clock Delay      (SCD):    0.000ns
    Clock Pessimism Removal (CPR):    -0.000ns
  Timing Exception:       False Path

    Location             Delay type                Incr(ns)  Path(ns)    Netlist Resource(s)
  -------------------------------------------------------------------    -------------------
    K4                                                0.000     0.000 f  rst_p
                         net (fo=0)                   0.000     0.000    rst_p
    K4                   IBUF (Prop_ibuf_I_O)         0.236     0.236 f  rst_p_IBUF_inst/O
                         net (fo=58, routed)          0.517     0.754    u_counter/AR[0]
    SLICE_X81Y129        FDCE                                         f  u_counter/minute_ones_reg[3]/CLR
  -------------------------------------------------------------------    -------------------

                         (clock clk_50mhz rise edge)
                                                      0.000     0.000 r  <hidden>
    B6                                                0.000     0.000 r  clk_50mhz
                         net (fo=0)                   0.000     0.000    clk_50mhz
    B6                   IBUF (Prop_ibuf_I_O)         0.456     0.456 r  clk_50mhz_IBUF_inst/O
                         net (fo=1, routed)           0.871     1.327    clk_50mhz_IBUF
    BUFGCTRL_X0Y16       BUFG (Prop_bufg_I_O)         0.029     1.356 r  clk_50mhz_IBUF_BUFG_inst/O
                         net (fo=58, routed)          0.855     2.210    u_counter/CLK
    SLICE_X81Y129        FDCE                                         r  u_counter/minute_ones_reg[3]/C





--------------------------------------------------------------------------------------
Path Group:  (none)
From Clock:  clk_50mhz
  To Clock:  

Max Delay            12 Endpoints
Min Delay            12 Endpoints
--------------------------------------------------------------------------------------


Max Delay Paths
--------------------------------------------------------------------------------------
Slack:                    inf
  Source:                 u_counter/minute_tens_reg[2]/C
                            (rising edge-triggered cell FDCE clocked by clk_50mhz  {rise@0.000ns fall@10.000ns period=20.000ns})
  Destination:            seg_data[6]
                            (output port)
  Path Group:             (none)
  Path Type:              Max at Slow Process Corner
  Data Path Delay:        10.469ns  (logic 4.479ns (42.778%)  route 5.991ns (57.222%))
  Logic Levels:           4  (LUT5=1 LUT6=2 OBUF=1)
  Clock Uncertainty:      0.025ns  ((TSJ^2 + TIJ^2)^1/2 + DJ) / 2 + PE
    Total System Jitter     (TSJ):    0.050ns
    Total Input Jitter      (TIJ):    0.000ns
    Discrete Jitter          (DJ):    0.000ns
    Phase Error              (PE):    0.000ns

    Location             Delay type                Incr(ns)  Path(ns)    Netlist Resource(s)
  -------------------------------------------------------------------    -------------------
                         (clock clk_50mhz rise edge)
                                                      0.000     0.000 r  <hidden>
    B6                                                0.000     0.000 r  clk_50mhz
                         net (fo=0)                   0.000     0.000    clk_50mhz
    B6                   IBUF (Prop_ibuf_I_O)         1.500     1.500 r  clk_50mhz_IBUF_inst/O
                         net (fo=1, routed)           2.315     3.815    clk_50mhz_IBUF
    BUFGCTRL_X0Y16       BUFG (Prop_bufg_I_O)         0.096     3.911 r  clk_50mhz_IBUF_BUFG_inst/O
                         net (fo=58, routed)          1.689     5.600    u_counter/CLK
    SLICE_X82Y131        FDCE                                         r  u_counter/minute_tens_reg[2]/C
  -------------------------------------------------------------------    -------------------
    SLICE_X82Y131        FDCE (Prop_fdce_C_Q)         0.419     6.019 f  u_counter/minute_tens_reg[2]/Q
                         net (fo=13, routed)          1.160     7.180    u_counter/minute_tens_reg[2]
    SLICE_X84Y129        LUT5 (Prop_lut5_I1_O)        0.299     7.479 f  u_counter/seg_data_OBUF[6]_inst_i_5/O
                         net (fo=2, routed)           0.810     8.288    u_counter/seg_data_OBUF[6]_inst_i_5_n_0
    SLICE_X83Y129        LUT6 (Prop_lut6_I5_O)        0.124     8.412 r  u_counter/seg_data_OBUF[6]_inst_i_3/O
                         net (fo=1, routed)           0.574     8.986    u_counter/seg_data_OBUF[6]_inst_i_3_n_0
    SLICE_X83Y131        LUT6 (Prop_lut6_I1_O)        0.124     9.110 r  u_counter/seg_data_OBUF[6]_inst_i_1/O
                         net (fo=1, routed)           3.447    12.557    seg_data_OBUF[6]
    F5                   OBUF (Prop_obuf_I_O)         3.513    16.070 r  seg_data_OBUF[6]_inst/O
                         net (fo=0)                   0.000    16.070    seg_data[6]
    F5                                                                r  seg_data[6]
  -------------------------------------------------------------------    -------------------

Slack:                    inf
  Source:                 scan_select_reg[1]/C
                            (rising edge-triggered cell FDCE clocked by clk_50mhz  {rise@0.000ns fall@10.000ns period=20.000ns})
  Destination:            seg_data[5]
                            (output port)
  Path Group:             (none)
  Path Type:              Max at Slow Process Corner
  Data Path Delay:        9.611ns  (logic 4.724ns (49.146%)  route 4.888ns (50.854%))
  Logic Levels:           4  (LUT2=1 LUT6=2 OBUF=1)
  Clock Uncertainty:      0.025ns  ((TSJ^2 + TIJ^2)^1/2 + DJ) / 2 + PE
    Total System Jitter     (TSJ):    0.050ns
    Total Input Jitter      (TIJ):    0.000ns
    Discrete Jitter          (DJ):    0.000ns
    Phase Error              (PE):    0.000ns

    Location             Delay type                Incr(ns)  Path(ns)    Netlist Resource(s)
  -------------------------------------------------------------------    -------------------
                         (clock clk_50mhz rise edge)
                                                      0.000     0.000 r  <hidden>
    B6                                                0.000     0.000 r  clk_50mhz
                         net (fo=0)                   0.000     0.000    clk_50mhz
    B6                   IBUF (Prop_ibuf_I_O)         1.500     1.500 r  clk_50mhz_IBUF_inst/O
                         net (fo=1, routed)           2.315     3.815    clk_50mhz_IBUF
    BUFGCTRL_X0Y16       BUFG (Prop_bufg_I_O)         0.096     3.911 r  clk_50mhz_IBUF_BUFG_inst/O
                         net (fo=58, routed)          1.686     5.597    clk_50mhz_IBUF_BUFG
    SLICE_X82Y128        FDCE                                         r  scan_select_reg[1]/C
  -------------------------------------------------------------------    -------------------
    SLICE_X82Y128        FDCE (Prop_fdce_C_Q)         0.419     6.016 r  scan_select_reg[1]/Q
                         net (fo=26, routed)          0.643     6.659    u_counter/seg_com[3]_0
    SLICE_X83Y130        LUT2 (Prop_lut2_I1_O)        0.294     6.953 r  u_counter/seg_data_OBUF[7]_inst_i_5/O
                         net (fo=3, routed)           1.010     7.963    u_counter/seg_data_OBUF[7]_inst_i_5_n_0
    SLICE_X83Y129        LUT6 (Prop_lut6_I4_O)        0.332     8.295 f  u_counter/seg_data_OBUF[5]_inst_i_3/O
                         net (fo=1, routed)           0.798     9.093    u_counter/seg_data_OBUF[5]_inst_i_3_n_0
    SLICE_X83Y131        LUT6 (Prop_lut6_I5_O)        0.124     9.217 r  u_counter/seg_data_OBUF[5]_inst_i_1/O
                         net (fo=1, routed)           2.437    11.654    seg_data_OBUF[5]
    E2                   OBUF (Prop_obuf_I_O)         3.555    15.209 r  seg_data_OBUF[5]_inst/O
                         net (fo=0)                   0.000    15.209    seg_data[5]
    E2                                                                r  seg_data[5]
  -------------------------------------------------------------------    -------------------

Slack:                    inf
  Source:                 scan_select_reg[1]/C
                            (rising edge-triggered cell FDCE clocked by clk_50mhz  {rise@0.000ns fall@10.000ns period=20.000ns})
  Destination:            seg_data[7]
                            (output port)
  Path Group:             (none)
  Path Type:              Max at Slow Process Corner
  Data Path Delay:        9.462ns  (logic 4.723ns (49.918%)  route 4.739ns (50.082%))
  Logic Levels:           4  (LUT2=1 LUT6=2 OBUF=1)
  Clock Uncertainty:      0.025ns  ((TSJ^2 + TIJ^2)^1/2 + DJ) / 2 + PE
    Total System Jitter     (TSJ):    0.050ns
    Total Input Jitter      (TIJ):    0.000ns
    Discrete Jitter          (DJ):    0.000ns
    Phase Error              (PE):    0.000ns

    Location             Delay type                Incr(ns)  Path(ns)    Netlist Resource(s)
  -------------------------------------------------------------------    -------------------
                         (clock clk_50mhz rise edge)
                                                      0.000     0.000 r  <hidden>
    B6                                                0.000     0.000 r  clk_50mhz
                         net (fo=0)                   0.000     0.000    clk_50mhz
    B6                   IBUF (Prop_ibuf_I_O)         1.500     1.500 r  clk_50mhz_IBUF_inst/O
                         net (fo=1, routed)           2.315     3.815    clk_50mhz_IBUF
    BUFGCTRL_X0Y16       BUFG (Prop_bufg_I_O)         0.096     3.911 r  clk_50mhz_IBUF_BUFG_inst/O
                         net (fo=58, routed)          1.686     5.597    clk_50mhz_IBUF_BUFG
    SLICE_X82Y128        FDCE                                         r  scan_select_reg[1]/C
  -------------------------------------------------------------------    -------------------
    SLICE_X82Y128        FDCE (Prop_fdce_C_Q)         0.419     6.016 r  scan_select_reg[1]/Q
                         net (fo=26, routed)          0.643     6.659    u_counter/seg_com[3]_0
    SLICE_X83Y130        LUT2 (Prop_lut2_I1_O)        0.294     6.953 r  u_counter/seg_data_OBUF[7]_inst_i_5/O
                         net (fo=3, routed)           0.788     7.741    u_counter/seg_data_OBUF[7]_inst_i_5_n_0
    SLICE_X83Y129        LUT6 (Prop_lut6_I4_O)        0.332     8.073 r  u_counter/seg_data_OBUF[7]_inst_i_4/O
                         net (fo=1, routed)           0.789     8.862    u_counter/seg_data_OBUF[7]_inst_i_4_n_0
    SLICE_X85Y129        LUT6 (Prop_lut6_I5_O)        0.124     8.986 r  u_counter/seg_data_OBUF[7]_inst_i_1/O
                         net (fo=1, routed)           2.519    11.505    seg_data_OBUF[7]
    F1                   OBUF (Prop_obuf_I_O)         3.554    15.059 r  seg_data_OBUF[7]_inst/O
                         net (fo=0)                   0.000    15.059    seg_data[7]
    F1                                                                r  seg_data[7]
  -------------------------------------------------------------------    -------------------

Slack:                    inf
  Source:                 scan_select_reg[1]/C
                            (rising edge-triggered cell FDCE clocked by clk_50mhz  {rise@0.000ns fall@10.000ns period=20.000ns})
  Destination:            seg_data[1]
                            (output port)
  Path Group:             (none)
  Path Type:              Max at Slow Process Corner
  Data Path Delay:        8.986ns  (logic 4.395ns (48.914%)  route 4.591ns (51.086%))
  Logic Levels:           3  (LUT2=1 LUT6=1 OBUF=1)
  Clock Uncertainty:      0.025ns  ((TSJ^2 + TIJ^2)^1/2 + DJ) / 2 + PE
    Total System Jitter     (TSJ):    0.050ns
    Total Input Jitter      (TIJ):    0.000ns
    Discrete Jitter          (DJ):    0.000ns
    Phase Error              (PE):    0.000ns

    Location             Delay type                Incr(ns)  Path(ns)    Netlist Resource(s)
  -------------------------------------------------------------------    -------------------
                         (clock clk_50mhz rise edge)
                                                      0.000     0.000 r  <hidden>
    B6                                                0.000     0.000 r  clk_50mhz
                         net (fo=0)                   0.000     0.000    clk_50mhz
    B6                   IBUF (Prop_ibuf_I_O)         1.500     1.500 r  clk_50mhz_IBUF_inst/O
                         net (fo=1, routed)           2.315     3.815    clk_50mhz_IBUF
    BUFGCTRL_X0Y16       BUFG (Prop_bufg_I_O)         0.096     3.911 r  clk_50mhz_IBUF_BUFG_inst/O
                         net (fo=58, routed)          1.686     5.597    clk_50mhz_IBUF_BUFG
    SLICE_X82Y128        FDCE                                         r  scan_select_reg[1]/C
  -------------------------------------------------------------------    -------------------
    SLICE_X82Y128        FDCE (Prop_fdce_C_Q)         0.419     6.016 r  scan_select_reg[1]/Q
                         net (fo=26, routed)          1.605     7.622    u_counter/seg_com[3]_0
    SLICE_X84Y131        LUT2 (Prop_lut2_I1_O)        0.299     7.921 r  u_counter/seg_com_OBUF[3]_inst_i_1/O
                         net (fo=5, routed)           1.120     9.041    u_counter/seg_com_OBUF[0]
    SLICE_X84Y131        LUT6 (Prop_lut6_I4_O)        0.124     9.165 r  u_counter/seg_data_OBUF[1]_inst_i_1/O
                         net (fo=1, routed)           1.865    11.030    seg_data_OBUF[1]
    J7                   OBUF (Prop_obuf_I_O)         3.553    14.583 r  seg_data_OBUF[1]_inst/O
                         net (fo=0)                   0.000    14.583    seg_data[1]
    J7                                                                r  seg_data[1]
  -------------------------------------------------------------------    -------------------

Slack:                    inf
  Source:                 scan_select_reg[1]/C
                            (rising edge-triggered cell FDCE clocked by clk_50mhz  {rise@0.000ns fall@10.000ns period=20.000ns})
  Destination:            seg_data[4]
                            (output port)
  Path Group:             (none)
  Path Type:              Max at Slow Process Corner
  Data Path Delay:        8.832ns  (logic 4.388ns (49.686%)  route 4.444ns (50.314%))
  Logic Levels:           3  (LUT4=1 LUT6=1 OBUF=1)
  Clock Uncertainty:      0.025ns  ((TSJ^2 + TIJ^2)^1/2 + DJ) / 2 + PE
    Total System Jitter     (TSJ):    0.050ns
    Total Input Jitter      (TIJ):    0.000ns
    Discrete Jitter          (DJ):    0.000ns
    Phase Error              (PE):    0.000ns

    Location             Delay type                Incr(ns)  Path(ns)    Netlist Resource(s)
  -------------------------------------------------------------------    -------------------
                         (clock clk_50mhz rise edge)
                                                      0.000     0.000 r  <hidden>
    B6                                                0.000     0.000 r  clk_50mhz
                         net (fo=0)                   0.000     0.000    clk_50mhz
    B6                   IBUF (Prop_ibuf_I_O)         1.500     1.500 r  clk_50mhz_IBUF_inst/O
                         net (fo=1, routed)           2.315     3.815    clk_50mhz_IBUF
    BUFGCTRL_X0Y16       BUFG (Prop_bufg_I_O)         0.096     3.911 r  clk_50mhz_IBUF_BUFG_inst/O
                         net (fo=58, routed)          1.686     5.597    clk_50mhz_IBUF_BUFG
    SLICE_X82Y128        FDCE                                         r  scan_select_reg[1]/C
  -------------------------------------------------------------------    -------------------
    SLICE_X82Y128        FDCE (Prop_fdce_C_Q)         0.419     6.016 f  scan_select_reg[1]/Q
                         net (fo=26, routed)          1.065     7.081    u_counter/seg_com[3]_0
    SLICE_X84Y130        LUT6 (Prop_lut6_I1_O)        0.299     7.380 r  u_counter/seg_data_OBUF[4]_inst_i_5/O
                         net (fo=1, routed)           0.872     8.253    u_counter/seg_data_OBUF[4]_inst_i_5_n_0
    SLICE_X85Y130        LUT4 (Prop_lut4_I3_O)        0.124     8.377 r  u_counter/seg_data_OBUF[4]_inst_i_1/O
                         net (fo=1, routed)           2.506    10.883    seg_data_OBUF[4]
    E4                   OBUF (Prop_obuf_I_O)         3.546    14.430 r  seg_data_OBUF[4]_inst/O
                         net (fo=0)                   0.000    14.430    seg_data[4]
    E4                                                                r  seg_data[4]
  -------------------------------------------------------------------    -------------------

Slack:                    inf
  Source:                 u_counter/minute_tens_reg[0]/C
                            (rising edge-triggered cell FDCE clocked by clk_50mhz  {rise@0.000ns fall@10.000ns period=20.000ns})
  Destination:            seg_data[3]
                            (output port)
  Path Group:             (none)
  Path Type:              Max at Slow Process Corner
  Data Path Delay:        8.700ns  (logic 4.867ns (55.942%)  route 3.833ns (44.058%))
  Logic Levels:           4  (LUT4=1 LUT6=1 MUXF7=1 OBUF=1)
  Clock Uncertainty:      0.025ns  ((TSJ^2 + TIJ^2)^1/2 + DJ) / 2 + PE
    Total System Jitter     (TSJ):    0.050ns
    Total Input Jitter      (TIJ):    0.000ns
    Discrete Jitter          (DJ):    0.000ns
    Phase Error              (PE):    0.000ns

    Location             Delay type                Incr(ns)  Path(ns)    Netlist Resource(s)
  -------------------------------------------------------------------    -------------------
                         (clock clk_50mhz rise edge)
                                                      0.000     0.000 r  <hidden>
    B6                                                0.000     0.000 r  clk_50mhz
                         net (fo=0)                   0.000     0.000    clk_50mhz
    B6                   IBUF (Prop_ibuf_I_O)         1.500     1.500 r  clk_50mhz_IBUF_inst/O
                         net (fo=1, routed)           2.315     3.815    clk_50mhz_IBUF
    BUFGCTRL_X0Y16       BUFG (Prop_bufg_I_O)         0.096     3.911 r  clk_50mhz_IBUF_BUFG_inst/O
                         net (fo=58, routed)          1.689     5.600    u_counter/CLK
    SLICE_X82Y131        FDCE                                         r  u_counter/minute_tens_reg[0]/C
  -------------------------------------------------------------------    -------------------
    SLICE_X82Y131        FDCE (Prop_fdce_C_Q)         0.456     6.056 f  u_counter/minute_tens_reg[0]/Q
                         net (fo=11, routed)          0.917     6.973    u_counter/minute_tens_reg[0]
    SLICE_X82Y131        LUT4 (Prop_lut4_I0_O)        0.152     7.125 r  u_counter/seg_data_OBUF[3]_inst_i_4/O
                         net (fo=1, routed)           0.816     7.941    u_counter/seg_data_OBUF[3]_inst_i_4_n_0
    SLICE_X82Y130        LUT6 (Prop_lut6_I5_O)        0.332     8.273 r  u_counter/seg_data_OBUF[3]_inst_i_2/O
                         net (fo=1, routed)           0.000     8.273    u_counter/seg_data_OBUF[3]_inst_i_2_n_0
    SLICE_X82Y130        MUXF7 (Prop_muxf7_I0_O)      0.212     8.485 r  u_counter/seg_data_OBUF[3]_inst_i_1/O
                         net (fo=1, routed)           2.100    10.585    seg_data_OBUF[3]
    J1                   OBUF (Prop_obuf_I_O)         3.715    14.300 r  seg_data_OBUF[3]_inst/O
                         net (fo=0)                   0.000    14.300    seg_data[3]
    J1                                                                r  seg_data[3]
  -------------------------------------------------------------------    -------------------

Slack:                    inf
  Source:                 u_counter/minute_tens_reg[2]/C
                            (rising edge-triggered cell FDCE clocked by clk_50mhz  {rise@0.000ns fall@10.000ns period=20.000ns})
  Destination:            seg_data[2]
                            (output port)
  Path Group:             (none)
  Path Type:              Max at Slow Process Corner
  Data Path Delay:        8.492ns  (logic 4.606ns (54.238%)  route 3.886ns (45.762%))
  Logic Levels:           3  (LUT4=1 LUT6=1 OBUF=1)
  Clock Uncertainty:      0.025ns  ((TSJ^2 + TIJ^2)^1/2 + DJ) / 2 + PE
    Total System Jitter     (TSJ):    0.050ns
    Total Input Jitter      (TIJ):    0.000ns
    Discrete Jitter          (DJ):    0.000ns
    Phase Error              (PE):    0.000ns

    Location             Delay type                Incr(ns)  Path(ns)    Netlist Resource(s)
  -------------------------------------------------------------------    -------------------
                         (clock clk_50mhz rise edge)
                                                      0.000     0.000 r  <hidden>
    B6                                                0.000     0.000 r  clk_50mhz
                         net (fo=0)                   0.000     0.000    clk_50mhz
    B6                   IBUF (Prop_ibuf_I_O)         1.500     1.500 r  clk_50mhz_IBUF_inst/O
                         net (fo=1, routed)           2.315     3.815    clk_50mhz_IBUF
    BUFGCTRL_X0Y16       BUFG (Prop_bufg_I_O)         0.096     3.911 r  clk_50mhz_IBUF_BUFG_inst/O
                         net (fo=58, routed)          1.689     5.600    u_counter/CLK
    SLICE_X82Y131        FDCE                                         r  u_counter/minute_tens_reg[2]/C
  -------------------------------------------------------------------    -------------------
    SLICE_X82Y131        FDCE (Prop_fdce_C_Q)         0.419     6.019 f  u_counter/minute_tens_reg[2]/Q
                         net (fo=13, routed)          1.160     7.180    u_counter/minute_tens_reg[2]
    SLICE_X84Y129        LUT4 (Prop_lut4_I3_O)        0.321     7.501 f  u_counter/seg_data_OBUF[2]_inst_i_3/O
                         net (fo=1, routed)           0.452     7.953    u_counter/seg_data_OBUF[2]_inst_i_3_n_0
    SLICE_X84Y129        LUT6 (Prop_lut6_I2_O)        0.328     8.281 r  u_counter/seg_data_OBUF[2]_inst_i_1/O
                         net (fo=1, routed)           2.273    10.554    seg_data_OBUF[2]
    J3                   OBUF (Prop_obuf_I_O)         3.538    14.092 r  seg_data_OBUF[2]_inst/O
                         net (fo=0)                   0.000    14.092    seg_data[2]
    J3                                                                r  seg_data[2]
  -------------------------------------------------------------------    -------------------

Slack:                    inf
  Source:                 scan_select_reg[1]/C
                            (rising edge-triggered cell FDCE clocked by clk_50mhz  {rise@0.000ns fall@10.000ns period=20.000ns})
  Destination:            seg_data[0]
                            (output port)
  Path Group:             (none)
  Path Type:              Max at Slow Process Corner
  Data Path Delay:        8.218ns  (logic 4.478ns (54.492%)  route 3.740ns (45.508%))
  Logic Levels:           2  (LUT2=1 OBUF=1)
  Clock Uncertainty:      0.025ns  ((TSJ^2 + TIJ^2)^1/2 + DJ) / 2 + PE
    Total System Jitter     (TSJ):    0.050ns
    Total Input Jitter      (TIJ):    0.000ns
    Discrete Jitter          (DJ):    0.000ns
    Phase Error              (PE):    0.000ns

    Location             Delay type                Incr(ns)  Path(ns)    Netlist Resource(s)
  -------------------------------------------------------------------    -------------------
                         (clock clk_50mhz rise edge)
                                                      0.000     0.000 r  <hidden>
    B6                                                0.000     0.000 r  clk_50mhz
                         net (fo=0)                   0.000     0.000    clk_50mhz
    B6                   IBUF (Prop_ibuf_I_O)         1.500     1.500 r  clk_50mhz_IBUF_inst/O
                         net (fo=1, routed)           2.315     3.815    clk_50mhz_IBUF
    BUFGCTRL_X0Y16       BUFG (Prop_bufg_I_O)         0.096     3.911 r  clk_50mhz_IBUF_BUFG_inst/O
                         net (fo=58, routed)          1.686     5.597    clk_50mhz_IBUF_BUFG
    SLICE_X82Y128        FDCE                                         r  scan_select_reg[1]/C
  -------------------------------------------------------------------    -------------------
    SLICE_X82Y128        FDCE (Prop_fdce_C_Q)         0.419     6.016 f  scan_select_reg[1]/Q
                         net (fo=26, routed)          1.605     7.622    u_counter/seg_com[3]_0
    SLICE_X84Y131        LUT2 (Prop_lut2_I1_O)        0.321     7.943 r  u_counter/seg_data_OBUF[0]_inst_i_1/O
                         net (fo=2, routed)           2.134    10.077    seg_data_OBUF[0]
    H2                   OBUF (Prop_obuf_I_O)         3.738    13.815 r  seg_data_OBUF[0]_inst/O
                         net (fo=0)                   0.000    13.815    seg_data[0]
    H2                                                                r  seg_data[0]
  -------------------------------------------------------------------    -------------------

Slack:                    inf
  Source:                 scan_select_reg[1]/C
                            (rising edge-triggered cell FDCE clocked by clk_50mhz  {rise@0.000ns fall@10.000ns period=20.000ns})
  Destination:            seg_com[3]
                            (output port)
  Path Group:             (none)
  Path Type:              Max at Slow Process Corner
  Data Path Delay:        7.699ns  (logic 4.262ns (55.349%)  route 3.438ns (44.651%))
  Logic Levels:           2  (LUT2=1 OBUF=1)
  Clock Uncertainty:      0.025ns  ((TSJ^2 + TIJ^2)^1/2 + DJ) / 2 + PE
    Total System Jitter     (TSJ):    0.050ns
    Total Input Jitter      (TIJ):    0.000ns
    Discrete Jitter          (DJ):    0.000ns
    Phase Error              (PE):    0.000ns

    Location             Delay type                Incr(ns)  Path(ns)    Netlist Resource(s)
  -------------------------------------------------------------------    -------------------
                         (clock clk_50mhz rise edge)
                                                      0.000     0.000 r  <hidden>
    B6                                                0.000     0.000 r  clk_50mhz
                         net (fo=0)                   0.000     0.000    clk_50mhz
    B6                   IBUF (Prop_ibuf_I_O)         1.500     1.500 r  clk_50mhz_IBUF_inst/O
                         net (fo=1, routed)           2.315     3.815    clk_50mhz_IBUF
    BUFGCTRL_X0Y16       BUFG (Prop_bufg_I_O)         0.096     3.911 r  clk_50mhz_IBUF_BUFG_inst/O
                         net (fo=58, routed)          1.686     5.597    clk_50mhz_IBUF_BUFG
    SLICE_X82Y128        FDCE                                         r  scan_select_reg[1]/C
  -------------------------------------------------------------------    -------------------
    SLICE_X82Y128        FDCE (Prop_fdce_C_Q)         0.419     6.016 r  scan_select_reg[1]/Q
                         net (fo=26, routed)          1.605     7.622    u_counter/seg_com[3]_0
    SLICE_X84Y131        LUT2 (Prop_lut2_I1_O)        0.299     7.921 r  u_counter/seg_com_OBUF[3]_inst_i_1/O
                         net (fo=5, routed)           1.833     9.753    seg_com_OBUF[3]
    L6                   OBUF (Prop_obuf_I_O)         3.544    13.297 r  seg_com_OBUF[3]_inst/O
                         net (fo=0)                   0.000    13.297    seg_com[3]
    L6                                                                r  seg_com[3]
  -------------------------------------------------------------------    -------------------

Slack:                    inf
  Source:                 scan_select_reg[1]/C
                            (rising edge-triggered cell FDCE clocked by clk_50mhz  {rise@0.000ns fall@10.000ns period=20.000ns})
  Destination:            seg_com[2]
                            (output port)
  Path Group:             (none)
  Path Type:              Max at Slow Process Corner
  Data Path Delay:        7.627ns  (logic 4.261ns (55.876%)  route 3.365ns (44.124%))
  Logic Levels:           2  (LUT2=1 OBUF=1)
  Clock Uncertainty:      0.025ns  ((TSJ^2 + TIJ^2)^1/2 + DJ) / 2 + PE
    Total System Jitter     (TSJ):    0.050ns
    Total Input Jitter      (TIJ):    0.000ns
    Discrete Jitter          (DJ):    0.000ns
    Phase Error              (PE):    0.000ns

    Location             Delay type                Incr(ns)  Path(ns)    Netlist Resource(s)
  -------------------------------------------------------------------    -------------------
                         (clock clk_50mhz rise edge)
                                                      0.000     0.000 r  <hidden>
    B6                                                0.000     0.000 r  clk_50mhz
                         net (fo=0)                   0.000     0.000    clk_50mhz
    B6                   IBUF (Prop_ibuf_I_O)         1.500     1.500 r  clk_50mhz_IBUF_inst/O
                         net (fo=1, routed)           2.315     3.815    clk_50mhz_IBUF
    BUFGCTRL_X0Y16       BUFG (Prop_bufg_I_O)         0.096     3.911 r  clk_50mhz_IBUF_BUFG_inst/O
                         net (fo=58, routed)          1.686     5.597    clk_50mhz_IBUF_BUFG
    SLICE_X82Y128        FDCE                                         r  scan_select_reg[1]/C
  -------------------------------------------------------------------    -------------------
    SLICE_X82Y128        FDCE (Prop_fdce_C_Q)         0.419     6.016 r  scan_select_reg[1]/Q
                         net (fo=26, routed)          1.420     7.436    scan_select_reg_n_0_[1]
    SLICE_X85Y131        LUT2 (Prop_lut2_I0_O)        0.299     7.735 r  seg_com_OBUF[2]_inst_i_1/O
                         net (fo=1, routed)           1.945     9.680    seg_com_OBUF[2]
    K1                   OBUF (Prop_obuf_I_O)         3.543    13.224 r  seg_com_OBUF[2]_inst/O
                         net (fo=0)                   0.000    13.224    seg_com[2]
    K1                                                                r  seg_com[2]
  -------------------------------------------------------------------    -------------------





Min Delay Paths
--------------------------------------------------------------------------------------
Slack:                    inf
  Source:                 u_counter/minute_tens_reg[1]/C
                            (rising edge-triggered cell FDCE clocked by clk_50mhz  {rise@0.000ns fall@10.000ns period=20.000ns})
  Destination:            seg_data[1]
                            (output port)
  Path Group:             (none)
  Path Type:              Min at Fast Process Corner
  Data Path Delay:        2.113ns  (logic 1.485ns (70.296%)  route 0.628ns (29.704%))
  Logic Levels:           3  (LUT2=1 LUT6=1 OBUF=1)
  Clock Uncertainty:      0.025ns  ((TSJ^2 + TIJ^2)^1/2 + DJ) / 2 + PE
    Total System Jitter     (TSJ):    0.050ns
    Total Input Jitter      (TIJ):    0.000ns
    Discrete Jitter          (DJ):    0.000ns
    Phase Error              (PE):    0.000ns

    Location             Delay type                Incr(ns)  Path(ns)    Netlist Resource(s)
  -------------------------------------------------------------------    -------------------
                         (clock clk_50mhz rise edge)
                                                      0.000     0.000 r  <hidden>
    B6                                                0.000     0.000 r  clk_50mhz
                         net (fo=0)                   0.000     0.000    clk_50mhz
    B6                   IBUF (Prop_ibuf_I_O)         0.268     0.268 r  clk_50mhz_IBUF_inst/O
                         net (fo=1, routed)           0.808     1.075    clk_50mhz_IBUF
    BUFGCTRL_X0Y16       BUFG (Prop_bufg_I_O)         0.026     1.101 r  clk_50mhz_IBUF_BUFG_inst/O
                         net (fo=58, routed)          0.588     1.689    u_counter/CLK
    SLICE_X82Y131        FDCE                                         r  u_counter/minute_tens_reg[1]/C
  -------------------------------------------------------------------    -------------------
    SLICE_X82Y131        FDCE (Prop_fdce_C_Q)         0.141     1.830 r  u_counter/minute_tens_reg[1]/Q
                         net (fo=14, routed)          0.169     1.999    u_counter/minute_tens_reg[1]
    SLICE_X84Y131        LUT2 (Prop_lut2_I1_O)        0.045     2.044 r  u_counter/seg_data_OBUF[1]_inst_i_4/O
                         net (fo=1, routed)           0.054     2.098    u_counter/seg_data_OBUF[1]_inst_i_4_n_0
    SLICE_X84Y131        LUT6 (Prop_lut6_I3_O)        0.045     2.143 r  u_counter/seg_data_OBUF[1]_inst_i_1/O
                         net (fo=1, routed)           0.404     2.548    seg_data_OBUF[1]
    J7                   OBUF (Prop_obuf_I_O)         1.254     3.802 r  seg_data_OBUF[1]_inst/O
                         net (fo=0)                   0.000     3.802    seg_data[1]
    J7                                                                r  seg_data[1]
  -------------------------------------------------------------------    -------------------

Slack:                    inf
  Source:                 u_counter/minute_tens_reg[0]/C
                            (rising edge-triggered cell FDCE clocked by clk_50mhz  {rise@0.000ns fall@10.000ns period=20.000ns})
  Destination:            seg_data[5]
                            (output port)
  Path Group:             (none)
  Path Type:              Min at Fast Process Corner
  Data Path Delay:        2.183ns  (logic 1.441ns (66.022%)  route 0.742ns (33.978%))
  Logic Levels:           2  (LUT6=1 OBUF=1)
  Clock Uncertainty:      0.025ns  ((TSJ^2 + TIJ^2)^1/2 + DJ) / 2 + PE
    Total System Jitter     (TSJ):    0.050ns
    Total Input Jitter      (TIJ):    0.000ns
    Discrete Jitter          (DJ):    0.000ns
    Phase Error              (PE):    0.000ns

    Location             Delay type                Incr(ns)  Path(ns)    Netlist Resource(s)
  -------------------------------------------------------------------    -------------------
                         (clock clk_50mhz rise edge)
                                                      0.000     0.000 r  <hidden>
    B6                                                0.000     0.000 r  clk_50mhz
                         net (fo=0)                   0.000     0.000    clk_50mhz
    B6                   IBUF (Prop_ibuf_I_O)         0.268     0.268 r  clk_50mhz_IBUF_inst/O
                         net (fo=1, routed)           0.808     1.075    clk_50mhz_IBUF
    BUFGCTRL_X0Y16       BUFG (Prop_bufg_I_O)         0.026     1.101 r  clk_50mhz_IBUF_BUFG_inst/O
                         net (fo=58, routed)          0.588     1.689    u_counter/CLK
    SLICE_X82Y131        FDCE                                         r  u_counter/minute_tens_reg[0]/C
  -------------------------------------------------------------------    -------------------
    SLICE_X82Y131        FDCE (Prop_fdce_C_Q)         0.141     1.830 r  u_counter/minute_tens_reg[0]/Q
                         net (fo=11, routed)          0.088     1.918    u_counter/minute_tens_reg[0]
    SLICE_X83Y131        LUT6 (Prop_lut6_I0_O)        0.045     1.963 r  u_counter/seg_data_OBUF[5]_inst_i_1/O
                         net (fo=1, routed)           0.654     2.617    seg_data_OBUF[5]
    E2                   OBUF (Prop_obuf_I_O)         1.255     3.872 r  seg_data_OBUF[5]_inst/O
                         net (fo=0)                   0.000     3.872    seg_data[5]
    E2                                                                r  seg_data[5]
  -------------------------------------------------------------------    -------------------

Slack:                    inf
  Source:                 scan_select_reg[0]/C
                            (rising edge-triggered cell FDCE clocked by clk_50mhz  {rise@0.000ns fall@10.000ns period=20.000ns})
  Destination:            seg_com[0]
                            (output port)
  Path Group:             (none)
  Path Type:              Min at Fast Process Corner
  Data Path Delay:        2.256ns  (logic 1.480ns (65.582%)  route 0.777ns (34.418%))
  Logic Levels:           2  (LUT2=1 OBUF=1)
  Clock Uncertainty:      0.025ns  ((TSJ^2 + TIJ^2)^1/2 + DJ) / 2 + PE
    Total System Jitter     (TSJ):    0.050ns
    Total Input Jitter      (TIJ):    0.000ns
    Discrete Jitter          (DJ):    0.000ns
    Phase Error              (PE):    0.000ns

    Location             Delay type                Incr(ns)  Path(ns)    Netlist Resource(s)
  -------------------------------------------------------------------    -------------------
                         (clock clk_50mhz rise edge)
                                                      0.000     0.000 r  <hidden>
    B6                                                0.000     0.000 r  clk_50mhz
                         net (fo=0)                   0.000     0.000    clk_50mhz
    B6                   IBUF (Prop_ibuf_I_O)         0.268     0.268 r  clk_50mhz_IBUF_inst/O
                         net (fo=1, routed)           0.808     1.075    clk_50mhz_IBUF
    BUFGCTRL_X0Y16       BUFG (Prop_bufg_I_O)         0.026     1.101 r  clk_50mhz_IBUF_BUFG_inst/O
                         net (fo=58, routed)          0.585     1.686    clk_50mhz_IBUF_BUFG
    SLICE_X82Y128        FDCE                                         r  scan_select_reg[0]/C
  -------------------------------------------------------------------    -------------------
    SLICE_X82Y128        FDCE (Prop_fdce_C_Q)         0.141     1.827 f  scan_select_reg[0]/Q
                         net (fo=26, routed)          0.442     2.269    scan_select_reg_n_0_[0]
    SLICE_X85Y131        LUT2 (Prop_lut2_I1_O)        0.048     2.317 r  seg_com_OBUF[0]_inst_i_1/O
                         net (fo=1, routed)           0.335     2.652    seg_com_OBUF[0]
    K5                   OBUF (Prop_obuf_I_O)         1.291     3.943 r  seg_com_OBUF[0]_inst/O
                         net (fo=0)                   0.000     3.943    seg_com[0]
    K5                                                                r  seg_com[0]
  -------------------------------------------------------------------    -------------------

Slack:                    inf
  Source:                 scan_select_reg[0]/C
                            (rising edge-triggered cell FDCE clocked by clk_50mhz  {rise@0.000ns fall@10.000ns period=20.000ns})
  Destination:            seg_data[3]
                            (output port)
  Path Group:             (none)
  Path Type:              Min at Fast Process Corner
  Data Path Delay:        2.264ns  (logic 1.530ns (67.560%)  route 0.734ns (32.440%))
  Logic Levels:           2  (MUXF7=1 OBUF=1)
  Clock Uncertainty:      0.025ns  ((TSJ^2 + TIJ^2)^1/2 + DJ) / 2 + PE
    Total System Jitter     (TSJ):    0.050ns
    Total Input Jitter      (TIJ):    0.000ns
    Discrete Jitter          (DJ):    0.000ns
    Phase Error              (PE):    0.000ns

    Location             Delay type                Incr(ns)  Path(ns)    Netlist Resource(s)
  -------------------------------------------------------------------    -------------------
                         (clock clk_50mhz rise edge)
                                                      0.000     0.000 r  <hidden>
    B6                                                0.000     0.000 r  clk_50mhz
                         net (fo=0)                   0.000     0.000    clk_50mhz
    B6                   IBUF (Prop_ibuf_I_O)         0.268     0.268 r  clk_50mhz_IBUF_inst/O
                         net (fo=1, routed)           0.808     1.075    clk_50mhz_IBUF
    BUFGCTRL_X0Y16       BUFG (Prop_bufg_I_O)         0.026     1.101 r  clk_50mhz_IBUF_BUFG_inst/O
                         net (fo=58, routed)          0.585     1.686    clk_50mhz_IBUF_BUFG
    SLICE_X82Y128        FDCE                                         r  scan_select_reg[0]/C
  -------------------------------------------------------------------    -------------------
    SLICE_X82Y128        FDCE (Prop_fdce_C_Q)         0.141     1.827 r  scan_select_reg[0]/Q
                         net (fo=26, routed)          0.217     2.044    u_counter/seg_com[3]
    SLICE_X82Y130        MUXF7 (Prop_muxf7_S_O)       0.085     2.129 r  u_counter/seg_data_OBUF[3]_inst_i_1/O
                         net (fo=1, routed)           0.518     2.647    seg_data_OBUF[3]
    J1                   OBUF (Prop_obuf_I_O)         1.304     3.950 r  seg_data_OBUF[3]_inst/O
                         net (fo=0)                   0.000     3.950    seg_data[3]
    J1                                                                r  seg_data[3]
  -------------------------------------------------------------------    -------------------

Slack:                    inf
  Source:                 u_counter/minute_ones_reg[0]/C
                            (rising edge-triggered cell FDCE clocked by clk_50mhz  {rise@0.000ns fall@10.000ns period=20.000ns})
  Destination:            seg_data[2]
                            (output port)
  Path Group:             (none)
  Path Type:              Min at Fast Process Corner
  Data Path Delay:        2.334ns  (logic 1.470ns (62.984%)  route 0.864ns (37.016%))
  Logic Levels:           3  (LUT6=2 OBUF=1)
  Clock Uncertainty:      0.025ns  ((TSJ^2 + TIJ^2)^1/2 + DJ) / 2 + PE
    Total System Jitter     (TSJ):    0.050ns
    Total Input Jitter      (TIJ):    0.000ns
    Discrete Jitter          (DJ):    0.000ns
    Phase Error              (PE):    0.000ns

    Location             Delay type                Incr(ns)  Path(ns)    Netlist Resource(s)
  -------------------------------------------------------------------    -------------------
                         (clock clk_50mhz rise edge)
                                                      0.000     0.000 r  <hidden>
    B6                                                0.000     0.000 r  clk_50mhz
                         net (fo=0)                   0.000     0.000    clk_50mhz
    B6                   IBUF (Prop_ibuf_I_O)         0.268     0.268 r  clk_50mhz_IBUF_inst/O
                         net (fo=1, routed)           0.808     1.075    clk_50mhz_IBUF
    BUFGCTRL_X0Y16       BUFG (Prop_bufg_I_O)         0.026     1.101 r  clk_50mhz_IBUF_BUFG_inst/O
                         net (fo=58, routed)          0.586     1.687    u_counter/CLK
    SLICE_X83Y129        FDCE                                         r  u_counter/minute_ones_reg[0]/C
  -------------------------------------------------------------------    -------------------
    SLICE_X83Y129        FDCE (Prop_fdce_C_Q)         0.141     1.828 f  u_counter/minute_ones_reg[0]/Q
                         net (fo=12, routed)          0.199     2.027    u_counter/minute_ones_reg[0]
    SLICE_X84Y129        LUT6 (Prop_lut6_I3_O)        0.045     2.072 r  u_counter/seg_data_OBUF[2]_inst_i_2/O
                         net (fo=1, routed)           0.089     2.161    u_counter/seg_data_OBUF[2]_inst_i_2_n_0
    SLICE_X84Y129        LUT6 (Prop_lut6_I0_O)        0.045     2.206 r  u_counter/seg_data_OBUF[2]_inst_i_1/O
                         net (fo=1, routed)           0.575     2.782    seg_data_OBUF[2]
    J3                   OBUF (Prop_obuf_I_O)         1.239     4.021 r  seg_data_OBUF[2]_inst/O
                         net (fo=0)                   0.000     4.021    seg_data[2]
    J3                                                                r  seg_data[2]
  -------------------------------------------------------------------    -------------------

Slack:                    inf
  Source:                 scan_select_reg[0]/C
                            (rising edge-triggered cell FDCE clocked by clk_50mhz  {rise@0.000ns fall@10.000ns period=20.000ns})
  Destination:            seg_com[2]
                            (output port)
  Path Group:             (none)
  Path Type:              Min at Fast Process Corner
  Data Path Delay:        2.340ns  (logic 1.430ns (61.113%)  route 0.910ns (38.887%))
  Logic Levels:           2  (LUT2=1 OBUF=1)
  Clock Uncertainty:      0.025ns  ((TSJ^2 + TIJ^2)^1/2 + DJ) / 2 + PE
    Total System Jitter     (TSJ):    0.050ns
    Total Input Jitter      (TIJ):    0.000ns
    Discrete Jitter          (DJ):    0.000ns
    Phase Error              (PE):    0.000ns

    Location             Delay type                Incr(ns)  Path(ns)    Netlist Resource(s)
  -------------------------------------------------------------------    -------------------
                         (clock clk_50mhz rise edge)
                                                      0.000     0.000 r  <hidden>
    B6                                                0.000     0.000 r  clk_50mhz
                         net (fo=0)                   0.000     0.000    clk_50mhz
    B6                   IBUF (Prop_ibuf_I_O)         0.268     0.268 r  clk_50mhz_IBUF_inst/O
                         net (fo=1, routed)           0.808     1.075    clk_50mhz_IBUF
    BUFGCTRL_X0Y16       BUFG (Prop_bufg_I_O)         0.026     1.101 r  clk_50mhz_IBUF_BUFG_inst/O
                         net (fo=58, routed)          0.585     1.686    clk_50mhz_IBUF_BUFG
    SLICE_X82Y128        FDCE                                         r  scan_select_reg[0]/C
  -------------------------------------------------------------------    -------------------
    SLICE_X82Y128        FDCE (Prop_fdce_C_Q)         0.141     1.827 f  scan_select_reg[0]/Q
                         net (fo=26, routed)          0.442     2.269    scan_select_reg_n_0_[0]
    SLICE_X85Y131        LUT2 (Prop_lut2_I1_O)        0.045     2.314 r  seg_com_OBUF[2]_inst_i_1/O
                         net (fo=1, routed)           0.468     2.782    seg_com_OBUF[2]
    K1                   OBUF (Prop_obuf_I_O)         1.244     4.026 r  seg_com_OBUF[2]_inst/O
                         net (fo=0)                   0.000     4.026    seg_com[2]
    K1                                                                r  seg_com[2]
  -------------------------------------------------------------------    -------------------

Slack:                    inf
  Source:                 scan_select_reg[0]/C
                            (rising edge-triggered cell FDCE clocked by clk_50mhz  {rise@0.000ns fall@10.000ns period=20.000ns})
  Destination:            seg_com[3]
                            (output port)
  Path Group:             (none)
  Path Type:              Min at Fast Process Corner
  Data Path Delay:        2.371ns  (logic 1.430ns (60.336%)  route 0.940ns (39.664%))
  Logic Levels:           2  (LUT2=1 OBUF=1)
  Clock Uncertainty:      0.025ns  ((TSJ^2 + TIJ^2)^1/2 + DJ) / 2 + PE
    Total System Jitter     (TSJ):    0.050ns
    Total Input Jitter      (TIJ):    0.000ns
    Discrete Jitter          (DJ):    0.000ns
    Phase Error              (PE):    0.000ns

    Location             Delay type                Incr(ns)  Path(ns)    Netlist Resource(s)
  -------------------------------------------------------------------    -------------------
                         (clock clk_50mhz rise edge)
                                                      0.000     0.000 r  <hidden>
    B6                                                0.000     0.000 r  clk_50mhz
                         net (fo=0)                   0.000     0.000    clk_50mhz
    B6                   IBUF (Prop_ibuf_I_O)         0.268     0.268 r  clk_50mhz_IBUF_inst/O
                         net (fo=1, routed)           0.808     1.075    clk_50mhz_IBUF
    BUFGCTRL_X0Y16       BUFG (Prop_bufg_I_O)         0.026     1.101 r  clk_50mhz_IBUF_BUFG_inst/O
                         net (fo=58, routed)          0.585     1.686    clk_50mhz_IBUF_BUFG
    SLICE_X82Y128        FDCE                                         r  scan_select_reg[0]/C
  -------------------------------------------------------------------    -------------------
    SLICE_X82Y128        FDCE (Prop_fdce_C_Q)         0.141     1.827 r  scan_select_reg[0]/Q
                         net (fo=26, routed)          0.523     2.350    u_counter/seg_com[3]
    SLICE_X84Y131        LUT2 (Prop_lut2_I0_O)        0.045     2.395 r  u_counter/seg_com_OBUF[3]_inst_i_1/O
                         net (fo=5, routed)           0.418     2.812    seg_com_OBUF[3]
    L6                   OBUF (Prop_obuf_I_O)         1.244     4.057 r  seg_com_OBUF[3]_inst/O
                         net (fo=0)                   0.000     4.057    seg_com[3]
    L6                                                                r  seg_com[3]
  -------------------------------------------------------------------    -------------------

Slack:                    inf
  Source:                 scan_select_reg[1]/C
                            (rising edge-triggered cell FDCE clocked by clk_50mhz  {rise@0.000ns fall@10.000ns period=20.000ns})
  Destination:            seg_com[1]
                            (output port)
  Path Group:             (none)
  Path Type:              Min at Fast Process Corner
  Data Path Delay:        2.405ns  (logic 1.463ns (60.838%)  route 0.942ns (39.162%))
  Logic Levels:           2  (LUT2=1 OBUF=1)
  Clock Uncertainty:      0.025ns  ((TSJ^2 + TIJ^2)^1/2 + DJ) / 2 + PE
    Total System Jitter     (TSJ):    0.050ns
    Total Input Jitter      (TIJ):    0.000ns
    Discrete Jitter          (DJ):    0.000ns
    Phase Error              (PE):    0.000ns

    Location             Delay type                Incr(ns)  Path(ns)    Netlist Resource(s)
  -------------------------------------------------------------------    -------------------
                         (clock clk_50mhz rise edge)
                                                      0.000     0.000 r  <hidden>
    B6                                                0.000     0.000 r  clk_50mhz
                         net (fo=0)                   0.000     0.000    clk_50mhz
    B6                   IBUF (Prop_ibuf_I_O)         0.268     0.268 r  clk_50mhz_IBUF_inst/O
                         net (fo=1, routed)           0.808     1.075    clk_50mhz_IBUF
    BUFGCTRL_X0Y16       BUFG (Prop_bufg_I_O)         0.026     1.101 r  clk_50mhz_IBUF_BUFG_inst/O
                         net (fo=58, routed)          0.585     1.686    clk_50mhz_IBUF_BUFG
    SLICE_X82Y128        FDCE                                         r  scan_select_reg[1]/C
  -------------------------------------------------------------------    -------------------
    SLICE_X82Y128        FDCE (Prop_fdce_C_Q)         0.128     1.814 f  scan_select_reg[1]/Q
                         net (fo=26, routed)          0.499     2.313    scan_select_reg_n_0_[1]
    SLICE_X85Y131        LUT2 (Prop_lut2_I1_O)        0.099     2.412 r  seg_com_OBUF[1]_inst_i_1/O
                         net (fo=1, routed)           0.443     2.855    seg_com_OBUF[1]
    K3                   OBUF (Prop_obuf_I_O)         1.236     4.091 r  seg_com_OBUF[1]_inst/O
                         net (fo=0)                   0.000     4.091    seg_com[1]
    K3                                                                r  seg_com[1]
  -------------------------------------------------------------------    -------------------

Slack:                    inf
  Source:                 u_counter/second_tens_reg[1]/C
                            (rising edge-triggered cell FDCE clocked by clk_50mhz  {rise@0.000ns fall@10.000ns period=20.000ns})
  Destination:            seg_data[7]
                            (output port)
  Path Group:             (none)
  Path Type:              Min at Fast Process Corner
  Data Path Delay:        2.462ns  (logic 1.486ns (60.357%)  route 0.976ns (39.643%))
  Logic Levels:           3  (LUT6=2 OBUF=1)
  Clock Uncertainty:      0.025ns  ((TSJ^2 + TIJ^2)^1/2 + DJ) / 2 + PE
    Total System Jitter     (TSJ):    0.050ns
    Total Input Jitter      (TIJ):    0.000ns
    Discrete Jitter          (DJ):    0.000ns
    Phase Error              (PE):    0.000ns

    Location             Delay type                Incr(ns)  Path(ns)    Netlist Resource(s)
  -------------------------------------------------------------------    -------------------
                         (clock clk_50mhz rise edge)
                                                      0.000     0.000 r  <hidden>
    B6                                                0.000     0.000 r  clk_50mhz
                         net (fo=0)                   0.000     0.000    clk_50mhz
    B6                   IBUF (Prop_ibuf_I_O)         0.268     0.268 r  clk_50mhz_IBUF_inst/O
                         net (fo=1, routed)           0.808     1.075    clk_50mhz_IBUF
    BUFGCTRL_X0Y16       BUFG (Prop_bufg_I_O)         0.026     1.101 r  clk_50mhz_IBUF_BUFG_inst/O
                         net (fo=58, routed)          0.585     1.686    u_counter/CLK
    SLICE_X83Y128        FDCE                                         r  u_counter/second_tens_reg[1]/C
  -------------------------------------------------------------------    -------------------
    SLICE_X83Y128        FDCE (Prop_fdce_C_Q)         0.141     1.827 r  u_counter/second_tens_reg[1]/Q
                         net (fo=11, routed)          0.194     2.021    u_counter/second_tens_reg[1]
    SLICE_X85Y129        LUT6 (Prop_lut6_I5_O)        0.045     2.066 r  u_counter/seg_data_OBUF[7]_inst_i_2/O
                         net (fo=1, routed)           0.082     2.148    u_counter/seg_data_OBUF[7]_inst_i_2_n_0
    SLICE_X85Y129        LUT6 (Prop_lut6_I0_O)        0.045     2.193 r  u_counter/seg_data_OBUF[7]_inst_i_1/O
                         net (fo=1, routed)           0.700     2.893    seg_data_OBUF[7]
    F1                   OBUF (Prop_obuf_I_O)         1.255     4.148 r  seg_data_OBUF[7]_inst/O
                         net (fo=0)                   0.000     4.148    seg_data[7]
    F1                                                                r  seg_data[7]
  -------------------------------------------------------------------    -------------------

Slack:                    inf
  Source:                 scan_select_reg[0]/C
                            (rising edge-triggered cell FDCE clocked by clk_50mhz  {rise@0.000ns fall@10.000ns period=20.000ns})
  Destination:            seg_data[0]
                            (output port)
  Path Group:             (none)
  Path Type:              Min at Fast Process Corner
  Data Path Delay:        2.552ns  (logic 1.485ns (58.183%)  route 1.067ns (41.817%))
  Logic Levels:           2  (LUT2=1 OBUF=1)
  Clock Uncertainty:      0.025ns  ((TSJ^2 + TIJ^2)^1/2 + DJ) / 2 + PE
    Total System Jitter     (TSJ):    0.050ns
    Total Input Jitter      (TIJ):    0.000ns
    Discrete Jitter          (DJ):    0.000ns
    Phase Error              (PE):    0.000ns

    Location             Delay type                Incr(ns)  Path(ns)    Netlist Resource(s)
  -------------------------------------------------------------------    -------------------
                         (clock clk_50mhz rise edge)
                                                      0.000     0.000 r  <hidden>
    B6                                                0.000     0.000 r  clk_50mhz
                         net (fo=0)                   0.000     0.000    clk_50mhz
    B6                   IBUF (Prop_ibuf_I_O)         0.268     0.268 r  clk_50mhz_IBUF_inst/O
                         net (fo=1, routed)           0.808     1.075    clk_50mhz_IBUF
    BUFGCTRL_X0Y16       BUFG (Prop_bufg_I_O)         0.026     1.101 r  clk_50mhz_IBUF_BUFG_inst/O
                         net (fo=58, routed)          0.585     1.686    clk_50mhz_IBUF_BUFG
    SLICE_X82Y128        FDCE                                         r  scan_select_reg[0]/C
  -------------------------------------------------------------------    -------------------
    SLICE_X82Y128        FDCE (Prop_fdce_C_Q)         0.141     1.827 r  scan_select_reg[0]/Q
                         net (fo=26, routed)          0.523     2.350    u_counter/seg_com[3]
    SLICE_X84Y131        LUT2 (Prop_lut2_I0_O)        0.043     2.393 r  u_counter/seg_data_OBUF[0]_inst_i_1/O
                         net (fo=2, routed)           0.544     2.937    seg_data_OBUF[0]
    H2                   OBUF (Prop_obuf_I_O)         1.301     4.238 r  seg_data_OBUF[0]_inst/O
                         net (fo=0)                   0.000     4.238    seg_data[0]
    H2                                                                r  seg_data[0]
  -------------------------------------------------------------------    -------------------





